CREATE DATABASE  IF NOT EXISTS `dak2` /*!40100 DEFAULT CHARACTER SET utf8mb4 COLLATE utf8mb4_0900_ai_ci */ /*!80016 DEFAULT ENCRYPTION='N' */;
USE `dak2`;
-- MySQL dump 10.13  Distrib 8.0.33, for Win64 (x86_64)
--
-- Host: 127.0.0.1    Database: dak2
-- ------------------------------------------------------
-- Server version	8.0.33

/*!40101 SET @OLD_CHARACTER_SET_CLIENT=@@CHARACTER_SET_CLIENT */;
/*!40101 SET @OLD_CHARACTER_SET_RESULTS=@@CHARACTER_SET_RESULTS */;
/*!40101 SET @OLD_COLLATION_CONNECTION=@@COLLATION_CONNECTION */;
/*!50503 SET NAMES utf8 */;
/*!40103 SET @OLD_TIME_ZONE=@@TIME_ZONE */;
/*!40103 SET TIME_ZONE='+00:00' */;
/*!40014 SET @OLD_UNIQUE_CHECKS=@@UNIQUE_CHECKS, UNIQUE_CHECKS=0 */;
/*!40014 SET @OLD_FOREIGN_KEY_CHECKS=@@FOREIGN_KEY_CHECKS, FOREIGN_KEY_CHECKS=0 */;
/*!40101 SET @OLD_SQL_MODE=@@SQL_MODE, SQL_MODE='NO_AUTO_VALUE_ON_ZERO' */;
/*!40111 SET @OLD_SQL_NOTES=@@SQL_NOTES, SQL_NOTES=0 */;

--
-- Table structure for table `blog`
--

DROP TABLE IF EXISTS `blog`;
/*!40101 SET @saved_cs_client     = @@character_set_client */;
/*!50503 SET character_set_client = utf8mb4 */;
CREATE TABLE `blog` (
  `id` bigint NOT NULL AUTO_INCREMENT,
  `content` text NOT NULL,
  `header` varchar(255) NOT NULL,
  `image` text NOT NULL,
  `product_id` bigint DEFAULT NULL,
  PRIMARY KEY (`id`),
  UNIQUE KEY `UK_qi52xohpbjcbboeey0btpxju9` (`product_id`),
  CONSTRAINT `FKo4s3h3vqu0l2u964rln33xa2v` FOREIGN KEY (`product_id`) REFERENCES `product` (`id`)
) ENGINE=InnoDB AUTO_INCREMENT=26 DEFAULT CHARSET=utf8mb4 COLLATE=utf8mb4_0900_ai_ci;
/*!40101 SET character_set_client = @saved_cs_client */;

--
-- Dumping data for table `blog`
--

LOCK TABLES `blog` WRITE;
/*!40000 ALTER TABLE `blog` DISABLE KEYS */;
INSERT INTO `blog` VALUES (1,'Bàn Phím Cơ Gaming không dây Asus ROG Strix Scope II 96 Wireless|Bàn Phím Cơ Gaming không dây Asus ROG Strix Scope II 96 Wireless|Bàn Phím Cơ Gaming không dây Asus ROG Strix Scope II 96 Wireless|Bàn Phím Cơ Gaming không dây Asus ROG Strix Scope II 96 Wireless|Bàn Phím Cơ Gaming không dây Asus ROG Strix Scope II 96 Wireless|Bàn Phím Cơ Gaming không dây Asus ROG Strix Scope II 96 Wireless|Bàn Phím Cơ Gaming không dây Asus ROG Strix Scope II 96 Wireless|Bàn Phím Cơ Gaming không dây Asus ROG Strix Scope II 96 Wireless','Đánh giá: Bàn Phím Cơ Gaming không dây Asus ROG Strix Scope II 96 Wireless NXSW/US/ABS 90MP037A-BKUA00','https://hanoicomputercdn.com/media/lib/03-10-2023/ban-phim-co-gaming-khong-day-asus-rog-strix-scope-ii-96-wireless-nxsw-us-abs-90mp037a-bkua00-2.jpg|https://hanoicomputercdn.com/media/lib/03-10-2023/ban-phim-co-gaming-khong-day-asus-rog-strix-scope-ii-96-wireless-nxsw-us-abs-90mp037a-bkua00-3.jpg|https://hanoicomputercdn.com/media/lib/03-10-2023/ban-phim-co-gaming-khong-day-asus-rog-strix-scope-ii-96-wireless-nxsw-us-abs-90mp037a-bkua00-4.jpg|https://hanoicomputercdn.com/media/lib/03-10-2023/ban-phim-co-gaming-khong-day-asus-rog-strix-scope-ii-96-wireless-nxsw-us-abs-90mp037a-bkua00-5.jpg|https://hanoicomputercdn.com/media/lib/03-10-2023/ban-phim-co-gaming-khong-day-asus-rog-strix-scope-ii-96-wireless-nxsw-us-abs-90mp037a-bkua00-7.jpg|https://hanoicomputercdn.com/media/lib/03-10-2023/ban-phim-co-gaming-khong-day-asus-rog-strix-scope-ii-96-wireless-nxsw-us-abs-90mp037a-bkua00-8.jpg|https://hanoicomputercdn.com/media/lib/03-10-2023/ban-phim-co-gaming-khong-day-asus-rog-strix-scope-ii-96-wireless-nxsw-us-abs-90mp037a-bkua00-9.jpg|https://hanoicomputercdn.com/media/lib/03-10-2023/ban-phim-co-gaming-khong-day-asus-rog-strix-scope-ii-96-wireless-nxsw-us-abs-90mp037a-bkua00-10.jpg|https://hanoicomputercdn.com/media/lib/03-10-2023/ban-phim-co-gaming-khong-day-asus-rog-strix-scope-ii-96-wireless-nxsw-us-abs-90mp037a-bkua00-1.jpg',4),(2,'Nhìn từ phía sau, logo của Gigabyte được vị trí đặt một cách tinh tế trên mặt lưng máy, tạo ra một điểm nhấn vô cùng ấn tượng. Khung máy được bao phủ bởi lớp màu đen, kết hợp với một số chi tiết hoạ tiết tinh tế, tạo nên một thứ thăng hoa màu sắc mạnh mẽ và độc đáo, toát lên vẻ cá tính riêng biệt cùng với đẳng cấp sang trọng độc đáo.|Là một dấu ấn rực rỡ trong thế giới laptop, Gigabyte G6 KF H3VN853SH tỏ ra tượng trưng cho sự kết hợp tinh tế giữa sức mạnh và linh hoạt. Cấu hình mạnh mẽ và tính đa năng của chiếc laptop này không chỉ đơn thuần là điểm nhấn, mà còn là một trải nghiệm chứa đựng hàng loạt tiềm năng. Sử dụng bộ vi xử lý CPU Intel i7-13620H (10 Cores, 16 Threads) thế hệ 13th, máy mang đến một tốc độ xử lý không thể chậm lại, đồng thời còn đảm bảo tính ổn định, từ những nhiệm vụ văn phòng đơn giản cho đến những tác phẩm đồ họa phức tạp 2D, 3D hay cả việc chơi Game mượt mà. Tất cả đều được thực hiện với độ mượt mà và hiệu quả tiết kiệm năng lượng đáng kinh ngạc.|Sự sáng tạo không ngừng của Gigabyte G6 KF tiếp tục thể hiện qua thiết kế màn hình viền mỏng, một bước đột phá vượt qua những giới hạn công nghệ truyền thống. Màn hình 16.0-inch được thu gọn vào trong khung máy, mở ra một thế giới không chỉ về tính di động mà còn về những tính năng tiên tiến của một chiếc laptop dành cho Game thủ.|Touchpad cũng không được bỏ qua trong việc thiết kế chất lượng. Thiết kế được chia thành ba phần riêng biệt, tạo ra sự dễ dàng trong việc điều khiển và sử dụng. Khả năng phản hồi cảm ứng của touchpad vô cùng nhanh chóng và mịn màng, đồng thời không gây ra tiếng ồn đáng kể. Điều này thể hiện sự cân nhắc tỉ mỉ để mang lại trải nghiệm tối ưu cho người dùng, từ các nhiệm vụ hàng ngày cho đến những giờ phút thư giãn bên trò chơi.|Mặc dù mỏng nhẹ nhưng Gigabyte G6 KF không hề thiếu các cổng I/O cần thiết, được bố trí đầy đủ và linh hoạt, một cách tiện lợi để bạn có trải nghiệm tốt nhất:|Trải nghiệm âm thanh cũng không hề thua kém. Với bộ âm thanh DTS:X, bạn có thể tận hưởng mọi chiều sâu và sự trung thực cao của âm thanh. Công nghệ âm thanh vòm 7.1 kênh ảo đã được tối ưu hóa để mang đến hiệu suất âm thanh tối ưu, cho cả trải nghiệm chơi Game và xem phim. Từ những cuộc họp trực tuyến đến việc thư giãn với Game yêu thích, DTS:X tạo nên hiệu ứng vòm 3D chân thực và cải thiện khả năng giao tiếp bằng giọng nói qua tính năng Chống ồn AI hai chiều, giúp loại bỏ tiếng ồn không mong muốn từ âm thanh ra và vào. Đây thực sự là một cải tiến đáng chú ý mang lại trải nghiệm âm thanh tinh tế và chất lượng.|Gigabyte G6 Gaming không ngừng tiến xa với hệ thống làm mát WINDFORCE tiên tiến nhất, mang đến hiệu suất làm mát tối ưu lên tới 150W. Điều này không chỉ đảm bảo sự khai thác tối đa 100% hiệu năng của CPU và GPU, mà còn đảm bảo tính ổn định dưới những điều kiện khắc nghiệt. Nhờ sự cải tiến này, trải nghiệm chơi Game và sử dụng phần mềm đồ họa cấp cao trở nên mượt mà và tốc độ xử lý được nâng lên một tầm mới.','Gigabyte G6 là một tác phẩm đầy ấn tượng, kết hợp mạnh mẽ giữa hiệu suất vượt trội và thiết kế tinh tế. Với vẻ ngoại hình mỏng nhẹ, dòng laptop gaming này mang đến sự di động linh hoạt, dễ dàng cho việc làm việc và giải trí trên hành trình','https://bizweb.dktcdn.net/100/372/934/files/gigabyte-g5-thiet-ke-cb56a379-68cd-40ff-aab8-2a52efc0e889.png?v=1688916025554|https://bizweb.dktcdn.net/100/372/934/files/gigabyte-g5-hieu-nang.png?v=1688915169843|https://bizweb.dktcdn.net/100/372/934/files/gigabyte-g5-man-hinh.png?v=1688916045763|https://bizweb.dktcdn.net/100/372/934/files/gigabyte-g5-ban-phim.png?v=1688916060784|https://bizweb.dktcdn.net/100/372/934/files/gigabyte-g5-cong-ket-noi.png?v=1688915203762|https://bizweb.dktcdn.net/100/372/934/files/gigabyte-g5-ket-noi-mang.png?v=1688915231609|https://bizweb.dktcdn.net/100/372/934/files/gigabyte-g5-cong-nghe-tan-nhiet.png?v=1688915260110',3),(3,'Hiệu năng Dell Vostro 3520 rất xuất sắc nhờ bộ vi xử lý mới Intel gen 12. Con chip Intel Core i3 1215U thuộc dòng Alder Lake, có tới 6 lõi 12 luồng, tốc độ tối đa lên đến 4.4 GHz, mạnh mẽ còn hơn cả một số chip i5 trước đây. Bạn sẽ có được năng suất vượt trội, hoàn hảo cho cả công việc, học tập và giải trí. Những công việc thường ngày như ứng dụng văn phòng, duyệt web sẽ được giải quyết một cách mượt mà, không xảy ra bất kỳ vấn đề gì.|Dell Vostro 3520 trang bị sẵn 8GB RAM, đảm bảo hoạt động làm việc đa nhiệm của bạn diễn ra trôi chảy. Bạn có thể làm nhiều việc cùng lúc, mở nhiều ứng dụng, duyệt web nhiều tab mà không sợ lag giật do thiếu RAM. Đi cùng với đó là SSD M.2 tốc độ cực nhanh, để bạn không cần phải chờ đợi khi khởi động máy, mở ứng dụng, … Sẽ có các tùy chọn bộ nhớ SSD 256 GB và 512GB tùy thuộc vào nhu cầu sử dụng của bạn.|Màn hình là một bước tiến lớn của thế hệ Dell Vostro 3520 khi phiên bản mới nhất của dòng Vostro 3000 series có sự cải tiến toàn diện về màn hình. Thiết kế viền màn hình mỏng cả 4 cạnh không chỉ nâng tầm trải nghiệm thị giác của bạn lên một tầm cao mới mà còn giúp laptop nhỏ gọn hơn đáng kể. Chất lượng hiển thị hết sức ấn tượng với tấm nền 15,6 inch Full HD WVA góc rộng, độ chi tiết cao, màu sắc sống động. Chưa hết, Dell Vostro V3520 còn là chiếc laptop văn phòng hiếm hoi trang bị màn hình 120Hz, mang đến sự mượt mà trong từng thao tác kéo thả, chuyển cảnh, để bạn làm việc dễ dàng và thoải mái hơn.|Dell Vostro 3520 có thời lượng pin khoảng 5 – 6 giờ đồng hồ. Bên cạnh đó, laptop còn hỗ trợ công nghệ sạc nhanh Express Charge. Chỉ mất 1 giờ đồng hồ để bạn sạc được từ 0 lên 80%. Nhờ vậy, máy tính luôn đủ năng lượng để bạn làm việc cả ngày, tham gia những cuộc họp kéo dài hay làm việc trên máy bay khi đang di chuyển.|Laptop Dell Vostro 3520 được chế tạo để đặt trải nghiệm thoải mái của người dùng lên hàng đầu. Thiết kế gọn gàng với viền màn hình mỏng 3 cạnh, xung quanh máy có các đường vân để cầm bám tay hơn, hạn chế tối đa trầy xước. Bàn di chuột và bàn phím lớn để bạn thao tác chính xác. Ngoài ra, bản lề nâng sẽ tự động nâng máy lên một góc nhỏ để giúp cổ tay thoải mái hơn, đồng thời tăng cường lưu thông không khí, tản nhiệt hiệu quả. Bàn phím chống tràn sẽ hạn chế tối đa rủi ro khi vô tình bị đổ nước hay chất lỏng. Màn hình máy tính cũng được chứng nhận chuẩn TUV Rheinland về giảm phát xạ ánh sáng xanh, kết hợp với phần mềm Dell ComfortView sẽ giúp đôi mắt bạn luôn thoải mái dù sử dụng trong thời gian dài.|Là phương tiện chính để làm việc, giải trí, Dell Vostro 3520 tôn trọng thông tin cá nhân của bạn với nền tảng bảo mật tối tân. Laptop trang bị Trusted Platform Module 2.0, chip bảo mật cấp thương mại được cài đặt ngay trên bo mạch chủ để lưu trữ và mã hóa mật khẩu của bạn. Ngay từ trước khi khởi động, TPM 2.0 đã kiểm tra lại các mối nguy hại để bảo vệ dữ liệu trước các cuộc tấn công từ phần mềm bên ngoài. Nhờ thế, bạn có thể yên tâm về bảo mật trên Dell Vostro 3520.|Trên một thân máy mỏng, Dell Vostro 3520 vẫn tích hợp đầy đủ các cổng kết nối, bao gồm đầu đọc thẻ SD 3.0; 3 cổng USB, jack tai nghe 3.5mm, khe khóa và đặc biệt là cả cổng mạng LAN RJ-45. Cổng mạng LAN truyền thống thường bị cắt bỏ trong những chiếc laptop gần đây, mặc dù đây là cổng kết nối khá quan trọng dành cho những người cần nguồn mạng ổn định. Thật may là Dell Vostro 3520 vẫn giữ lại cổng kết nối này để người dùng sử dụng mạng dây khi cần thiết.','Hiệu suất ấn tượng từ bộ vi xử lý Intel thế hệ thứ 12, màn hình lớn 15,6 inch Full HD 120Hz sắc nét viền mỏng 4 cạnh mượt mà và một thiết kế đề cao trải nghiệm sử dụng','https://images.fpt.shop/unsafe/filters:quality(90)/fptshop.com.vn/Uploads/images/2015/0511/Dell-Vostro-V3520-2.jpg|https://images.fpt.shop/unsafe/filters:quality(90)/fptshop.com.vn/Uploads/images/2015/0511/Dell-Vostro-V3520-8.jpg|https://images.fpt.shop/unsafe/filters:quality(90)/fptshop.com.vn/Uploads/images/2015/0511/Dell-Vostro-V3520-4.jpg|https://images.fpt.shop/unsafe/filters:quality(90)/fptshop.com.vn/Uploads/images/2015/0511/Dell-Vostro-V3520-5.jpg|https://images.fpt.shop/unsafe/filters:quality(90)/fptshop.com.vn/Uploads/images/2015/0511/Dell-Vostro-V3520-3.jpg|https://images.fpt.shop/unsafe/filters:quality(90)/fptshop.com.vn/Uploads/images/2015/0511/Dell-Vostro-V3520-6.jpg',2),(4,'Hiệu năng Dell Vostro 3520 rất xuất sắc nhờ bộ vi xử lý mới Intel gen 12. Con chip Intel Core i3 1215U thuộc dòng Alder Lake, có tới 6 lõi 12 luồng, tốc độ tối đa lên đến 4.4 GHz, mạnh mẽ còn hơn cả một số chip i5 trước đây. Bạn sẽ có được năng suất vượt trội, hoàn hảo cho cả công việc, học tập và giải trí. Những công việc thường ngày như ứng dụng văn phòng, duyệt web sẽ được giải quyết một cách mượt mà, không xảy ra bất kỳ vấn đề gì.|Dell Vostro 3520 trang bị sẵn 8GB RAM, đảm bảo hoạt động làm việc đa nhiệm của bạn diễn ra trôi chảy. Bạn có thể làm nhiều việc cùng lúc, mở nhiều ứng dụng, duyệt web nhiều tab mà không sợ lag giật do thiếu RAM. Đi cùng với đó là SSD M.2 tốc độ cực nhanh, để bạn không cần phải chờ đợi khi khởi động máy, mở ứng dụng, … Sẽ có các tùy chọn bộ nhớ SSD 256 GB và 512GB tùy thuộc vào nhu cầu sử dụng của bạn.|Màn hình là một bước tiến lớn của thế hệ Dell Vostro 3520 khi phiên bản mới nhất của dòng Vostro 3000 series có sự cải tiến toàn diện về màn hình. Thiết kế viền màn hình mỏng cả 4 cạnh không chỉ nâng tầm trải nghiệm thị giác của bạn lên một tầm cao mới mà còn giúp laptop nhỏ gọn hơn đáng kể. Chất lượng hiển thị hết sức ấn tượng với tấm nền 15,6 inch Full HD WVA góc rộng, độ chi tiết cao, màu sắc sống động. Chưa hết, Dell Vostro V3520 còn là chiếc laptop văn phòng hiếm hoi trang bị màn hình 120Hz, mang đến sự mượt mà trong từng thao tác kéo thả, chuyển cảnh, để bạn làm việc dễ dàng và thoải mái hơn.|Dell Vostro 3520 có thời lượng pin khoảng 5 – 6 giờ đồng hồ. Bên cạnh đó, laptop còn hỗ trợ công nghệ sạc nhanh Express Charge. Chỉ mất 1 giờ đồng hồ để bạn sạc được từ 0 lên 80%. Nhờ vậy, máy tính luôn đủ năng lượng để bạn làm việc cả ngày, tham gia những cuộc họp kéo dài hay làm việc trên máy bay khi đang di chuyển.|Laptop Dell Vostro 3520 được chế tạo để đặt trải nghiệm thoải mái của người dùng lên hàng đầu. Thiết kế gọn gàng với viền màn hình mỏng 3 cạnh, xung quanh máy có các đường vân để cầm bám tay hơn, hạn chế tối đa trầy xước. Bàn di chuột và bàn phím lớn để bạn thao tác chính xác. Ngoài ra, bản lề nâng sẽ tự động nâng máy lên một góc nhỏ để giúp cổ tay thoải mái hơn, đồng thời tăng cường lưu thông không khí, tản nhiệt hiệu quả. Bàn phím chống tràn sẽ hạn chế tối đa rủi ro khi vô tình bị đổ nước hay chất lỏng. Màn hình máy tính cũng được chứng nhận chuẩn TUV Rheinland về giảm phát xạ ánh sáng xanh, kết hợp với phần mềm Dell ComfortView sẽ giúp đôi mắt bạn luôn thoải mái dù sử dụng trong thời gian dài.|Là phương tiện chính để làm việc, giải trí, Dell Vostro 3520 tôn trọng thông tin cá nhân của bạn với nền tảng bảo mật tối tân. Laptop trang bị Trusted Platform Module 2.0, chip bảo mật cấp thương mại được cài đặt ngay trên bo mạch chủ để lưu trữ và mã hóa mật khẩu của bạn. Ngay từ trước khi khởi động, TPM 2.0 đã kiểm tra lại các mối nguy hại để bảo vệ dữ liệu trước các cuộc tấn công từ phần mềm bên ngoài. Nhờ thế, bạn có thể yên tâm về bảo mật trên Dell Vostro 3520.|Trên một thân máy mỏng, Dell Vostro 3520 vẫn tích hợp đầy đủ các cổng kết nối, bao gồm đầu đọc thẻ SD 3.0; 3 cổng USB, jack tai nghe 3.5mm, khe khóa và đặc biệt là cả cổng mạng LAN RJ-45. Cổng mạng LAN truyền thống thường bị cắt bỏ trong những chiếc laptop gần đây, mặc dù đây là cổng kết nối khá quan trọng dành cho những người cần nguồn mạng ổn định. Thật may là Dell Vostro 3520 vẫn giữ lại cổng kết nối này để người dùng sử dụng mạng dây khi cần thiết.','Hiệu suất ấn tượng từ bộ vi xử lý Intel thế hệ thứ 12, màn hình lớn 15,6 inch Full HD 120Hz sắc nét viền mỏng 4 cạnh mượt mà và một thiết kế đề cao trải nghiệm sử dụng','https://images.fpt.shop/unsafe/filters:quality(90)/fptshop.com.vn/Uploads/images/2015/0511/Dell-Vostro-V3520-2.jpg|https://images.fpt.shop/unsafe/filters:quality(90)/fptshop.com.vn/Uploads/images/2015/0511/Dell-Vostro-V3520-8.jpg|https://images.fpt.shop/unsafe/filters:quality(90)/fptshop.com.vn/Uploads/images/2015/0511/Dell-Vostro-V3520-4.jpg|https://images.fpt.shop/unsafe/filters:quality(90)/fptshop.com.vn/Uploads/images/2015/0511/Dell-Vostro-V3520-5.jpg|https://images.fpt.shop/unsafe/filters:quality(90)/fptshop.com.vn/Uploads/images/2015/0511/Dell-Vostro-V3520-3.jpg|https://images.fpt.shop/unsafe/filters:quality(90)/fptshop.com.vn/Uploads/images/2015/0511/Dell-Vostro-V3520-6.jpg',1),(5,'TUF M4 Wireless sử dụng chuẩn kết nối không dây kép với Wireless 2.4Ghz và Bluetooh, mang lại sự ổn định và có thể sử dụng với nhiều thiết bị ở những môi trường khác nhau.|Phần mặt trên và nút hông của TUF M4 Wireless được làm từ chất liệu nhựa PBT, chống mài mòn và mang lại cảm giác bấm chắc chắn hơn. Ngoài ra, phần bề mặt cũng được kết hợp cùng công nghệ ASUS Antibacterial Guard, phương pháp xử lý ion bạc nhằm giúp ức chế sự phát triển của vi khuẩn, giúp bề mặt chuột luôn được sạch sẽ.|Với việc sử dụng được cả 2 loại pin AA và AAA với adapter chuyển pin đi kèm. Người dùng có thể tuỳ chọn loại pin thích hợp cho độ nặng của chuột.|TUF M4 Wireless sử dụng feet chất liệu PTFE cao cấp, mang lại khả năng di chuột cực kỳ mượt |Với 6 nút có thể lập trình, TUF M4 Wireless có thể dễ dàng tuỳ biến để phù hợp với cách sử dụng của bạn, thông qua phần mềm Amoury Crate','Asus TUF M4 Wireless - Chú chuột không dây với mức giá rất hợp lý. Với cả 2 chuẩn kết nối không dây 2.4GHz / Bluetooth, TUF M4 Wireless hoàn toàn phù hợp với cả game thủ lẫn người dùng văn phòng','https://hanoicomputercdn.com/media/lib/30-06-2022/chuot-game-khong-day-asus-tuf-m4-wireless-usb-2.jpg|https://hanoicomputercdn.com/media/lib/30-06-2022/chuot-game-khong-day-asus-tuf-m4-wireless-usb-3.jpg|https://hanoicomputercdn.com/media/lib/30-06-2022/chuot-game-khong-day-asus-tuf-m4-wireless-usb-4.jpg|https://hanoicomputercdn.com/media/lib/30-06-2022/chuot-game-khong-day-asus-tuf-m4-wireless-usb-6.jpg|https://hanoicomputercdn.com/media/lib/30-06-2022/chuot-game-khong-day-asus-tuf-m4-wireless-usb-7.jpg|https://hanoicomputercdn.com/media/lib/30-06-2022/chuot-game-khong-day-asus-tuf-m4-wireless-usb-8.jpg|https://hanoicomputercdn.com/media/lib/30-06-2022/chuot-game-khong-day-asus-tuf-m4-wireless-usb-1.jpg',5),(6,'Với bộ vi xử lý Intel Core i7-13620H, ASUS TUF Gaming F15 FX507VV-LP157W có thể xử lý dễ dàng các tác vụ chơi game ở mức đồ họa cao. Chiếc laptop có thể đạt mức FPS cao ở nhiều tựa game AAA phổ biến như Elden Ring, Forza Horizon 5, Red Dead Redemption 2,...|Mặc dù có thiết kế đơn giản, nhưng laptop này vẫn mang đến một cảm giác tinh tế và phong cách với gam màu xám nổi bật. Logo được đặt ở trung tâm nắp máy, tạo điểm nhấn ấn tượng cho thiết kế. Với tông màu xám chủ đạo, laptop thể hiện rõ ràng của yếu tố gaming và tạo nên một cảm giác phong cách và mạnh mẽ.|Dù là một chiếc laptop gaming nhưng sản phẩm này cũng có độ phủ màu 100% sRGB, mang đến màu sắc chân thực và sống động. Ngoài ra, màn hình còn được trang bị công nghệ chống chói, giúp người dùng có thể sử dụng máy thoải mái trong điều kiện ánh sáng mạnh.|Với pin 90WHrs, máy có thể hoạt động lên đến 4 giờ trong điều kiện sử dụng thông thường, một con số đáng kể đối với một chiếc laptop chơi game. Ngoài ra, ASUS TUF Gaming F15 FX507VV-LP157W cũng cung cấp đầy đủ các cổng kết nối cần thiết để đáp ứng nhu cầu sử dụng đa dạng của người dùng. |','Laptop ASUS TUF Gaming F15 FX507VV-LP157W – Mạnh mẽ, bền bỉ, chiến game đỉnh cao','https://file.hstatic.net/200000837185/file/9_47ab87409a5e41bf8937573d8725ca79_grande.jpg|https://file.hstatic.net/200000837185/file/10_6a8f6dfaa1de49fc82a6c09f44e70593_grande.jpg|https://file.hstatic.net/200000837185/file/11_37d7643167674b3ba0015f85225d950a_grande.jpg|https://file.hstatic.net/200000837185/file/18_d5c4890b764042a28f775e288232246d_grande.jpg|https://file.hstatic.net/200000837185/file/13_99e0e4de249c46f095ba449c430ab732_grande.jpg|https://file.hstatic.net/200000837185/file/17_654b35c5e1e04cc98ea4a3f8c713c18f_grande.jpg|https://file.hstatic.net/200000837185/file/14_e4835f4bbb0849eb8b06ece50ed86d63_grande.jpg|https://file.hstatic.net/200000837185/file/16_6426c8c4c878443186b94ef308301faf_grande.jpg',6),(7,'Với bộ vi xử lý Intel Core i7-13620H, ASUS TUF Gaming F15 FX507VV-LP157W có thể xử lý dễ dàng các tác vụ chơi game ở mức đồ họa cao. Chiếc laptop có thể đạt mức FPS cao ở nhiều tựa game AAA phổ biến như Elden Ring, Forza Horizon 5, Red Dead Redemption 2,...|Mặc dù có thiết kế đơn giản, nhưng laptop này vẫn mang đến một cảm giác tinh tế và phong cách với gam màu xám nổi bật. Logo được đặt ở trung tâm nắp máy, tạo điểm nhấn ấn tượng cho thiết kế. Với tông màu xám chủ đạo, laptop thể hiện rõ ràng của yếu tố gaming và tạo nên một cảm giác phong cách và mạnh mẽ.|Dù là một chiếc laptop gaming nhưng sản phẩm này cũng có độ phủ màu 100% sRGB, mang đến màu sắc chân thực và sống động. Ngoài ra, màn hình còn được trang bị công nghệ chống chói, giúp người dùng có thể sử dụng máy thoải mái trong điều kiện ánh sáng mạnh.|Với pin 90WHrs, máy có thể hoạt động lên đến 4 giờ trong điều kiện sử dụng thông thường, một con số đáng kể đối với một chiếc laptop chơi game. Ngoài ra, ASUS TUF Gaming F15 FX507VV-LP157W cũng cung cấp đầy đủ các cổng kết nối cần thiết để đáp ứng nhu cầu sử dụng đa dạng của người dùng. |','Laptop ASUS TUF Gaming F15 FX507VV-LP157W – Mạnh mẽ, bền bỉ, chiến game đỉnh cao','https://file.hstatic.net/200000837185/file/9_47ab87409a5e41bf8937573d8725ca79_grande.jpg|https://file.hstatic.net/200000837185/file/10_6a8f6dfaa1de49fc82a6c09f44e70593_grande.jpg|https://file.hstatic.net/200000837185/file/11_37d7643167674b3ba0015f85225d950a_grande.jpg|https://file.hstatic.net/200000837185/file/18_d5c4890b764042a28f775e288232246d_grande.jpg|https://file.hstatic.net/200000837185/file/13_99e0e4de249c46f095ba449c430ab732_grande.jpg|https://file.hstatic.net/200000837185/file/17_654b35c5e1e04cc98ea4a3f8c713c18f_grande.jpg|https://file.hstatic.net/200000837185/file/14_e4835f4bbb0849eb8b06ece50ed86d63_grande.jpg|https://file.hstatic.net/200000837185/file/16_6426c8c4c878443186b94ef308301faf_grande.jpg',7),(8,'Với bộ vi xử lý Intel Core i7-13620H, ASUS TUF Gaming F15 FX507VV-LP157W có thể xử lý dễ dàng các tác vụ chơi game ở mức đồ họa cao. Chiếc laptop có thể đạt mức FPS cao ở nhiều tựa game AAA phổ biến như Elden Ring, Forza Horizon 5, Red Dead Redemption 2,...|Mặc dù có thiết kế đơn giản, nhưng laptop này vẫn mang đến một cảm giác tinh tế và phong cách với gam màu xám nổi bật. Logo được đặt ở trung tâm nắp máy, tạo điểm nhấn ấn tượng cho thiết kế. Với tông màu xám chủ đạo, laptop thể hiện rõ ràng của yếu tố gaming và tạo nên một cảm giác phong cách và mạnh mẽ.|Dù là một chiếc laptop gaming nhưng sản phẩm này cũng có độ phủ màu 100% sRGB, mang đến màu sắc chân thực và sống động. Ngoài ra, màn hình còn được trang bị công nghệ chống chói, giúp người dùng có thể sử dụng máy thoải mái trong điều kiện ánh sáng mạnh.|Với pin 90WHrs, máy có thể hoạt động lên đến 4 giờ trong điều kiện sử dụng thông thường, một con số đáng kể đối với một chiếc laptop chơi game. Ngoài ra, ASUS TUF Gaming F15 FX507VV-LP157W cũng cung cấp đầy đủ các cổng kết nối cần thiết để đáp ứng nhu cầu sử dụng đa dạng của người dùng. |','Laptop ASUS TUF Gaming F15 FX507VV-LP157W – Mạnh mẽ, bền bỉ, chiến game đỉnh cao','https://file.hstatic.net/200000837185/file/9_47ab87409a5e41bf8937573d8725ca79_grande.jpg|https://file.hstatic.net/200000837185/file/10_6a8f6dfaa1de49fc82a6c09f44e70593_grande.jpg|https://file.hstatic.net/200000837185/file/11_37d7643167674b3ba0015f85225d950a_grande.jpg|https://file.hstatic.net/200000837185/file/18_d5c4890b764042a28f775e288232246d_grande.jpg|https://file.hstatic.net/200000837185/file/13_99e0e4de249c46f095ba449c430ab732_grande.jpg|https://file.hstatic.net/200000837185/file/17_654b35c5e1e04cc98ea4a3f8c713c18f_grande.jpg|https://file.hstatic.net/200000837185/file/14_e4835f4bbb0849eb8b06ece50ed86d63_grande.jpg|https://file.hstatic.net/200000837185/file/16_6426c8c4c878443186b94ef308301faf_grande.jpg',8),(9,'Với thiết kế mới mẻ, mỏng nhẹ, HP ProBook 430 G8 mang lại hiệu suất vượt trội, khả năng bảo mật và độ bền phù hợp cho từng nhu cầu sử dụng.|Khung máy nhỏ gọn, mỏng nhẹ, 16mm với các thành phần bằng nhôm, dễ dàng mang theo từ nơi này đến nơi khác. Tận hưởng tỷ lệ màn hình trên thân máy hơn 84%, kích thước đường chéo 13.3-Inch cùng độ phân giải FHD, bàn phím nhạy và yên tĩnh.|RAM DDR4 đủ dùng . Đặc biệt, máy còn hỗ trợ khe RAM tối đa lên đến 32 GB thuận tiện cho việc nâng cấp về sau.|Màn hình 13.3 inch với độ phân giải HD (1366 x 768) trên nền tảng công nghệ Wled-backlit cung cấp những thước hình đẹp về màu sắc, độ sáng cao, tương phản tốt. Kết hợp viền màn hình mỏng 2 cạnh giúp không gian nhìn trở nên rộng hơn, thu hút hơn khi thưởng thức các video hay, các clip trình chiếu…|Công nghệ âm thanh Realtek High Definition Audio trên laptop HP cho chất âm to, rõ, khuếch đại âm thanh tốt để trải nghiệm chơi game, nghe nhạc, xem phim… thêm ấn tượng, lôi cuốn.|HP ProBook 430 G8 trang bị các cổng kết nối thông dụng, tiện lợi với USB 3.2 x2, HDMI, USB Type-C, khe đọc thẻ Micro SD, kết nối không dây Wi-Fi 6 cùng Bluetooth 5.0 độ nhạy cao, đường truyền ổn định, hỗ trợ hoàn hảo cho nhu cầu kết nối giải trí hay phục vụ công việc.','Đánh giá: Laptop HP ProBook 430 G8 chính hãng, cấu hình chất, độ bền cao','https://hanoicomputercdn.com/media/lib/01-06-2022/hacom-hp-probook-430-g8-0.png|https://hanoicomputercdn.com/media/lib/01-06-2022/hacom-hp-probook-430-g8-1.jpeg|https://hanoicomputercdn.com/media/lib/01-06-2022/hacom-hp-probook-430-g8-2-.jpeg|https://hanoicomputercdn.com/media/lib/01-06-2022/hacom-hp-probook-430-g8-3-.jpeg|https://hanoicomputercdn.com/media/lib/01-06-2022/hacom-hp-probook-430-g8-5.jpeg|https://hanoicomputercdn.com/media/lib/01-06-2022/hacom-hp-probook-430-g8-6.jpeg|https://hanoicomputercdn.com/media/lib/01-06-2022/hacom-hp-probook-430-g8-4.jpeg|https://hanoicomputercdn.com/media/lib/01-06-2022/hacom-hp-probook-430-g8-7.jpeg',9),(10,'Acer Aspire 3 A315 59 chinh phục mọi ánh nhìn của người dùng với thiết kế sang trọng, thanh lịch kết hợp cùng con chip Intel thế hệ 11 mạnh mẽ vượt bậc, là một trong những chiếc laptop học tập - văn phòng đáng để bạn sở hữu.|Được trang bị con chip Intel Core i thế hệ 11, laptop Acer mang đến cho bạn trải nghiệm mượt mà mọi tác vụ văn phòng như Word, Excel, PowerPoint,... cùng với hiệu suất đồ họa ổn định và khả năng ép xung lên đến 4.2 GHz nhờ vào công nghệ Turbo Boost tiên tiến. |Card đồ họa tích hợp Intel UHD/Iris Xe giúp tối ưu hóa chiếc máy tính của bạn, tăng khả năng cải tiến đồ họa vượt trội, thao tác chuyên nghiệp trên các phần mềm Photoshop, AI, Figma,... hay thậm chí là trải nghiệm sự ổn định và chất lượng với các tựa game online ở mức cài đặt trung bình như Among Us, DOTA 2,...|Acer Aspire đã thành công khi kết hợp công nghệ màn hình TFT và Acer ComfyView, mang đến chất lượng hiển thị ảnh chuyên nghiệp với màn hình truyền dẫn ánh sáng tốt, độ tương phản cao cùng những chuyển động mượt mà, giúp bạn đắm chìm vào những khung hình sống động dù ở điều kiện ánh sáng cao.|Kích thước bàn phím Fullsize cùng độ nảy tốt và hành trình sâu, tích hợp thêm vùng phím số mang lại trải nghiệm thuận tiện và thoải mái khi nhập mọi dữ liệu văn bản thường ngày. |Acer Aspire được trang bị các cổng kết nối thông dụng hiện nay như 2 cổng USB 3.2, HDMI, LAN (RJ45) và USB 2.0 mang đến cho người dùng sự đa dạng thao tác khi muốn liên kết với các thiết bị ngoại vi khác như loa, máy chiếu, màn hình rời, chuột, bàn phím,... một cách nhanh chóng và dễ dàng.','Đánh giá: Laptop Acer Aspire 3 A315-59-381E (NX.K6TSV.006) (i3 1215U/8GB RAM/512GB SSD/15.6 inch FHD/Win 11/Bạc)','https://hanoicomputercdn.com/media/lib/31-08-2022/hacom-acer-aspire-3-a315-58-1.jpeg|https://hanoicomputercdn.com/media/lib/31-08-2022/hacom-acer-aspire-3-a315-58-2.jpeg|https://hanoicomputercdn.com/media/lib/31-08-2022/hacom-acer-aspire-3-a315-58-3.jpeg|https://hanoicomputercdn.com/media/lib/31-08-2022/hacom-acer-aspire-3-a315-58-5.jpeg|https://hanoicomputercdn.com/media/lib/31-08-2022/hacom-acer-aspire-3-a315-58-6.jpeg|https://hanoicomputercdn.com/media/lib/31-08-2022/hacom-acer-aspire-3-a315-58-4.jpeg|https://hanoicomputercdn.com/media/lib/31-08-2022/hacom-acer-aspire-3-a315-58-8.jpeg',10),(11,'Lenovo ThinkPad E15 Gen 4 sở hữu bộ vi xử lý intel thế hệ 12, con chip mới nhất từ nhà Intel với sức mạnh đáng tin cậy. Intel thế hệ 12 được sản xuất trên tiến trình 10nm tiên tiến. Với nhiều nhân nhiều luồng và tốc độ cao giúp giảm thiểu độ trễ hệ thống, đồng thời tăng tốc độ tính toán tổng thể. Bên cạnh đó là RAM DDR4 3200MHz và ổ cứng SSD nvme, giúp hoạt động đa nhiệm hiệu quả, khởi động và mở ứng dụng cực nhanh. ThinkPad E15 Gen 4 sẽ luôn chạy rất mượt mà, cho bạn năng suất cao nhất trong công việc.|Màn hình Lenovo ThinkPad E15 Gen 4 có kích thước lớn 15,6 inch, độ phân giải Full HD với độ sáng tối đa lên tới 300 nits, cho phép hiển thị rõ nét ngay cả dưới ánh nắng mặt trời. Tấm nền chống chói và công nghệ màn hình IPS giúp hình ảnh chi tiết, sống động, màu sắc chính xác. Màn hình tuyệt đẹp của ThinkPad E15 Gen 4 lý tưởng cho cả công việc lẫn những hoạt động giải trí.|Lenovo ThinkPad E15 Gen 4 đã được thử nghiệm để vượt qua những điều kiện khắc nghiệt nhất. Từ nhiệt độ băng giá cho đến sa mạc nóng bức, kể cả độ ẩm, những giọt nước vô tình rơi lên máy hay thậm chí là va chạm, laptop Lenovo vẫn sống khỏe để trở thành thiết bị làm việc đáng tin cậy dành cho riêng bạn.','ánh giá: Laptop Lenovo Thinkpad T490s i5 8365U/8G/256GB/14\"FHD','https://hanoicomputercdn.com/media/product/77369_laptop_lenovo_thinkpad_t490s_cu_dep_1.jpg|https://hanoicomputercdn.com/media/lib/31-03-2023/hacom-lenovo-thinkpad-e15-gen-3-1.jpg|https://hanoicomputercdn.com/media/lib/31-03-2023/hacom-lenovo-thinkpad-e15-gen-3-9.png',11),(12,'Bộ xử lý AMDRyzen™ 8040 Series được thiết kế để mang lại những trải nghiệm thú vị, cao cấp với hiệu suất đáng tin cậy, thời lượng pin đáng kinh ngạc và sức mạnh của AI cá nhân. Cho phép bộ xử lý AMD Ryzen™ 8040 Series được trang bị AMD Ryzen™ AI giúp bạn khám phá và khai thác sức mạnh của công nghệ AI cho các trải nghiệm trải nghiệm làm việc, giải trí và hỗ trợ AI.|GeForce RTX™ 40 Series có tốc độ vượt trội dành cho game thủ và người sáng tạo. Chúng được hỗ trợ bởi kiến ​​trúc NVIDIA Ada Lovelace cực kỳ hiệu quả, mang lại bước nhảy vọt về cả hiệu năng và đồ họa được hỗ trợ bởi AI. Trải nghiệm thế giới ảo sống động như thật với tính năng dò tia và chơi game FPS cực cao với độ trễ thấp nhất. Khám phá những cách mới mang tính cách mạng để tạo và tăng tốc quy trình làm việc chưa từng có.|Dòng Katana được trang bị Bàn phím RGB 4 vùng với WASD nhẹ hơn và các keycap được thiết kế đặc biệt. Tận hưởng ánh sáng đầy màu sắc tỏa sáng như năng lượng xung mang lại cho bạn trải nghiệm chơi game phong cách!|Giới thiệu tính năng Share Pipe mới, một ống dẫn nhiệt được gắn vào cả CPU và GPU được thiết kế để cải thiện khả năng tản nhiệt và giải phóng hiệu suất CPU! Với MSI Cooler Boost 5, game thủ có thể khám phá thế giới trò chơi phức tạp mà không gặp trở ngại nào.','Đánh giá: Laptop MSI Gaming Katana A15 AI (B8VF-419VN) (R7 8840H/16GB/512GB SSD/RTX4060 8GB/15.6FHD 144Hz/Win11/Đen) (2024)','https://hanoicomputercdn.com/media/lib/29-03-2024/katana-a15-ai-mota2.jpg|https://hanoicomputercdn.com/media/lib/29-03-2024/katana-a15-ai-mota3.jpg|https://hanoicomputercdn.com/media/lib/29-03-2024/katana-a15-ai-mota4.jpg|https://hanoicomputercdn.com/media/lib/29-03-2024/katana-a15-ai-mota4.jpg|https://hanoicomputercdn.com/media/lib/29-03-2024/katana-a15-ai-mota5.jpg|https://hanoicomputercdn.com/media/lib/29-03-2024/katana-a15-ai-mota6.jpg|https://hanoicomputercdn.com/media/lib/29-03-2024/katana-a15-ai-mota8.jpg',12),(13,'Logitech G633s, chiếc tai nghe với các công nghệ âm thanh tiên tiến, cùng với phần cứng cao cấp để tạo nên trải nghiệm về âm thanh vòm sống động nhất, mang lại trải nghiệm sử dụng tốt hơn dành cho game thủ.|Các màng loa Pro-G 50 mm nâng cấp được tạo thành từ lưới dệt hybrid, mang lại âm thanh chi tiết, sâu và trong hơn ở mọi mức âm lượng. Giờ đây, với đường kính rộng hơn, Pro-G thể hiện tốt hơn bao giờ hết. Các âm thanh có tần số thấp—như các vụ nổ bom và nhạc nền phong phú - còn hoàn chỉnh và giống rạp chiếu phim hơn. Các tần số cao — giọng nói, bước chân, tiếng súng nổ — được tái tạo đặc biệt trong trẻo và chính xác|Trải nghiệm DTS® Headphone:X 2.0 có độ chính xác cao hơn âm thanh nổi kênh 7.1 tiêu chuẩn (Chỉ hỗ trợ Windows). Nhận thức không gian chính xác trong trò chơi cho phép bạn phát hiện rõ ràng vị trí và khoảng cách trong môi trường âm thanh 3D hoàn chỉnh. Nghe được mọi thứ xung quanh rõ ràng có thể tạo nên sự khác biệt.|Với phần mềm chơi game HUB của Logitech G, bạn có thể cá nhân hóa ánh sáng RGB LIGHTSYNC, lập trình các phím G với macro và lệnh trong trò chơi, và tùy chỉnh các tùy chọn âm thanh với các cấu hình độc đáo cho mỗi trò chơi và ứng dụng.','Đánh giá: Tai nghe Logitech G633s 7.1 Gaming Headset','https://hanoicomputercdn.com/media/lib/05-09-2022/tai-nghe-logitech-g633s-71.png|https://hanoicomputercdn.com/media/lib/05-09-2022/tai-nghe-logitech-g633s-71.jpg|https://hanoicomputercdn.com/media/lib/05-09-2022/tai-nghe-logitech-g633s-72.jpg|https://hanoicomputercdn.com/media/lib/05-09-2022/tai-nghe-logitech-g633s-73.jpg|https://hanoicomputercdn.com/media/lib/05-09-2022/tai-nghe-logitech-g633s-74.jpg',13),(14,'Laptop Vaio FE 15 (VWNC51527-SL)|Laptop Vaio FE 15 (VWNC51527-SL)|Laptop Vaio FE 15 (VWNC51527-SL)','Đánh giá: Laptop Vaio FE 15 (VWNC51527-SL) (i5-1235U/8GB RAM/512GB SSD/15.6 inch FHD IPS/Win11/Bạc)','https://hanoicomputercdn.com/media/lib/14-06-2023/vaio-mota2.jpg|https://hanoicomputercdn.com/media/lib/14-06-2023/vaio-mota1.jpg|https://hanoicomputercdn.com/media/lib/14-06-2023/vaio-mota3.png',14),(15,'Bộ xử lý AMDRyzen™ 8040 Series được thiết kế để mang lại những trải nghiệm thú vị, cao cấp với hiệu suất đáng tin cậy, thời lượng pin đáng kinh ngạc và sức mạnh của AI cá nhân. Cho phép bộ xử lý AMD Ryzen™ 8040 Series được trang bị AMD Ryzen™ AI giúp bạn khám phá và khai thác sức mạnh của công nghệ AI cho các trải nghiệm trải nghiệm làm việc, giải trí và hỗ trợ AI.|GeForce RTX™ 40 Series có tốc độ vượt trội dành cho game thủ và người sáng tạo. Chúng được hỗ trợ bởi kiến ​​trúc NVIDIA Ada Lovelace cực kỳ hiệu quả, mang lại bước nhảy vọt về cả hiệu năng và đồ họa được hỗ trợ bởi AI. Trải nghiệm thế giới ảo sống động như thật với tính năng dò tia và chơi game FPS cực cao với độ trễ thấp nhất. Khám phá những cách mới mang tính cách mạng để tạo và tăng tốc quy trình làm việc chưa từng có.|Dòng Katana được trang bị Bàn phím RGB 4 vùng với WASD nhẹ hơn và các keycap được thiết kế đặc biệt. Tận hưởng ánh sáng đầy màu sắc tỏa sáng như năng lượng xung mang lại cho bạn trải nghiệm chơi game phong cách!|Giới thiệu tính năng Share Pipe mới, một ống dẫn nhiệt được gắn vào cả CPU và GPU được thiết kế để cải thiện khả năng tản nhiệt và giải phóng hiệu suất CPU! Với MSI Cooler Boost 5, game thủ có thể khám phá thế giới trò chơi phức tạp mà không gặp trở ngại nào.','Đánh giá: Laptop MSI Gaming Katana A15 AI (B8VF-419VN) (R7 8840H/16GB/512GB SSD/RTX4060 8GB/15.6FHD 144Hz/Win11/Đen) (2024)','https://hanoicomputercdn.com/media/lib/29-03-2024/katana-a15-ai-mota2.jpg|https://hanoicomputercdn.com/media/lib/29-03-2024/katana-a15-ai-mota3.jpg|https://hanoicomputercdn.com/media/lib/29-03-2024/katana-a15-ai-mota4.jpg|https://hanoicomputercdn.com/media/lib/29-03-2024/katana-a15-ai-mota4.jpg|https://hanoicomputercdn.com/media/lib/29-03-2024/katana-a15-ai-mota5.jpg|https://hanoicomputercdn.com/media/lib/29-03-2024/katana-a15-ai-mota6.jpg|https://hanoicomputercdn.com/media/lib/29-03-2024/katana-a15-ai-mota8.jpg',15),(16,'Bộ xử lý AMDRyzen™ 8040 Series được thiết kế để mang lại những trải nghiệm thú vị, cao cấp với hiệu suất đáng tin cậy, thời lượng pin đáng kinh ngạc và sức mạnh của AI cá nhân. Cho phép bộ xử lý AMD Ryzen™ 8040 Series được trang bị AMD Ryzen™ AI giúp bạn khám phá và khai thác sức mạnh của công nghệ AI cho các trải nghiệm trải nghiệm làm việc, giải trí và hỗ trợ AI.|GeForce RTX™ 40 Series có tốc độ vượt trội dành cho game thủ và người sáng tạo. Chúng được hỗ trợ bởi kiến ​​trúc NVIDIA Ada Lovelace cực kỳ hiệu quả, mang lại bước nhảy vọt về cả hiệu năng và đồ họa được hỗ trợ bởi AI. Trải nghiệm thế giới ảo sống động như thật với tính năng dò tia và chơi game FPS cực cao với độ trễ thấp nhất. Khám phá những cách mới mang tính cách mạng để tạo và tăng tốc quy trình làm việc chưa từng có.|Dòng Katana được trang bị Bàn phím RGB 4 vùng với WASD nhẹ hơn và các keycap được thiết kế đặc biệt. Tận hưởng ánh sáng đầy màu sắc tỏa sáng như năng lượng xung mang lại cho bạn trải nghiệm chơi game phong cách!|Giới thiệu tính năng Share Pipe mới, một ống dẫn nhiệt được gắn vào cả CPU và GPU được thiết kế để cải thiện khả năng tản nhiệt và giải phóng hiệu suất CPU! Với MSI Cooler Boost 5, game thủ có thể khám phá thế giới trò chơi phức tạp mà không gặp trở ngại nào.','Đánh giá: Laptop MSI Gaming Katana A15 AI (B8VF-419VN) (R7 8840H/16GB/512GB SSD/RTX4060 8GB/15.6FHD 144Hz/Win11/Đen) (2024)','https://hanoicomputercdn.com/media/lib/29-03-2024/katana-a15-ai-mota2.jpg|https://hanoicomputercdn.com/media/lib/29-03-2024/katana-a15-ai-mota3.jpg|https://hanoicomputercdn.com/media/lib/29-03-2024/katana-a15-ai-mota4.jpg|https://hanoicomputercdn.com/media/lib/29-03-2024/katana-a15-ai-mota4.jpg|https://hanoicomputercdn.com/media/lib/29-03-2024/katana-a15-ai-mota5.jpg|https://hanoicomputercdn.com/media/lib/29-03-2024/katana-a15-ai-mota6.jpg|https://hanoicomputercdn.com/media/lib/29-03-2024/katana-a15-ai-mota8.jpg',16),(17,'Với thiết kế mới mẻ, mỏng nhẹ, HP ProBook 430 G8 mang lại hiệu suất vượt trội, khả năng bảo mật và độ bền phù hợp cho từng nhu cầu sử dụng.|Khung máy nhỏ gọn, mỏng nhẹ, 16mm với các thành phần bằng nhôm, dễ dàng mang theo từ nơi này đến nơi khác. Tận hưởng tỷ lệ màn hình trên thân máy hơn 84%, kích thước đường chéo 13.3-Inch cùng độ phân giải FHD, bàn phím nhạy và yên tĩnh.|RAM DDR4 đủ dùng . Đặc biệt, máy còn hỗ trợ khe RAM tối đa lên đến 32 GB thuận tiện cho việc nâng cấp về sau.|Màn hình 13.3 inch với độ phân giải HD (1366 x 768) trên nền tảng công nghệ Wled-backlit cung cấp những thước hình đẹp về màu sắc, độ sáng cao, tương phản tốt. Kết hợp viền màn hình mỏng 2 cạnh giúp không gian nhìn trở nên rộng hơn, thu hút hơn khi thưởng thức các video hay, các clip trình chiếu…|Công nghệ âm thanh Realtek High Definition Audio trên laptop HP cho chất âm to, rõ, khuếch đại âm thanh tốt để trải nghiệm chơi game, nghe nhạc, xem phim… thêm ấn tượng, lôi cuốn.|HP ProBook 430 G8 trang bị các cổng kết nối thông dụng, tiện lợi với USB 3.2 x2, HDMI, USB Type-C, khe đọc thẻ Micro SD, kết nối không dây Wi-Fi 6 cùng Bluetooth 5.0 độ nhạy cao, đường truyền ổn định, hỗ trợ hoàn hảo cho nhu cầu kết nối giải trí hay phục vụ công việc.','Đánh giá: Laptop HP ProBook 430 G8 chính hãng, cấu hình chất, độ bền cao','https://hanoicomputercdn.com/media/lib/01-06-2022/hacom-hp-probook-430-g8-0.png|https://hanoicomputercdn.com/media/lib/01-06-2022/hacom-hp-probook-430-g8-1.jpeg|https://hanoicomputercdn.com/media/lib/01-06-2022/hacom-hp-probook-430-g8-2-.jpeg|https://hanoicomputercdn.com/media/lib/01-06-2022/hacom-hp-probook-430-g8-3-.jpeg|https://hanoicomputercdn.com/media/lib/01-06-2022/hacom-hp-probook-430-g8-5.jpeg|https://hanoicomputercdn.com/media/lib/01-06-2022/hacom-hp-probook-430-g8-6.jpeg|https://hanoicomputercdn.com/media/lib/01-06-2022/hacom-hp-probook-430-g8-4.jpeg|https://hanoicomputercdn.com/media/lib/01-06-2022/hacom-hp-probook-430-g8-7.jpeg',17),(18,'Với thiết kế mới mẻ, mỏng nhẹ, HP ProBook 430 G8 mang lại hiệu suất vượt trội, khả năng bảo mật và độ bền phù hợp cho từng nhu cầu sử dụng.|Khung máy nhỏ gọn, mỏng nhẹ, 16mm với các thành phần bằng nhôm, dễ dàng mang theo từ nơi này đến nơi khác. Tận hưởng tỷ lệ màn hình trên thân máy hơn 84%, kích thước đường chéo 13.3-Inch cùng độ phân giải FHD, bàn phím nhạy và yên tĩnh.|RAM DDR4 đủ dùng . Đặc biệt, máy còn hỗ trợ khe RAM tối đa lên đến 32 GB thuận tiện cho việc nâng cấp về sau.|Màn hình 13.3 inch với độ phân giải HD (1366 x 768) trên nền tảng công nghệ Wled-backlit cung cấp những thước hình đẹp về màu sắc, độ sáng cao, tương phản tốt. Kết hợp viền màn hình mỏng 2 cạnh giúp không gian nhìn trở nên rộng hơn, thu hút hơn khi thưởng thức các video hay, các clip trình chiếu…|Công nghệ âm thanh Realtek High Definition Audio trên laptop HP cho chất âm to, rõ, khuếch đại âm thanh tốt để trải nghiệm chơi game, nghe nhạc, xem phim… thêm ấn tượng, lôi cuốn.|HP ProBook 430 G8 trang bị các cổng kết nối thông dụng, tiện lợi với USB 3.2 x2, HDMI, USB Type-C, khe đọc thẻ Micro SD, kết nối không dây Wi-Fi 6 cùng Bluetooth 5.0 độ nhạy cao, đường truyền ổn định, hỗ trợ hoàn hảo cho nhu cầu kết nối giải trí hay phục vụ công việc.','Đánh giá: Laptop HP ProBook 430 G8 chính hãng, cấu hình chất, độ bền cao','https://hanoicomputercdn.com/media/lib/01-06-2022/hacom-hp-probook-430-g8-0.png|https://hanoicomputercdn.com/media/lib/01-06-2022/hacom-hp-probook-430-g8-1.jpeg|https://hanoicomputercdn.com/media/lib/01-06-2022/hacom-hp-probook-430-g8-2-.jpeg|https://hanoicomputercdn.com/media/lib/01-06-2022/hacom-hp-probook-430-g8-3-.jpeg|https://hanoicomputercdn.com/media/lib/01-06-2022/hacom-hp-probook-430-g8-5.jpeg|https://hanoicomputercdn.com/media/lib/01-06-2022/hacom-hp-probook-430-g8-6.jpeg|https://hanoicomputercdn.com/media/lib/01-06-2022/hacom-hp-probook-430-g8-4.jpeg|https://hanoicomputercdn.com/media/lib/01-06-2022/hacom-hp-probook-430-g8-7.jpeg',18),(19,'Acer Aspire 3 A315 59 chinh phục mọi ánh nhìn của người dùng với thiết kế sang trọng, thanh lịch kết hợp cùng con chip Intel thế hệ 11 mạnh mẽ vượt bậc, là một trong những chiếc laptop học tập - văn phòng đáng để bạn sở hữu.|Được trang bị con chip Intel Core i thế hệ 11, laptop Acer mang đến cho bạn trải nghiệm mượt mà mọi tác vụ văn phòng như Word, Excel, PowerPoint,... cùng với hiệu suất đồ họa ổn định và khả năng ép xung lên đến 4.2 GHz nhờ vào công nghệ Turbo Boost tiên tiến. |Card đồ họa tích hợp Intel UHD/Iris Xe giúp tối ưu hóa chiếc máy tính của bạn, tăng khả năng cải tiến đồ họa vượt trội, thao tác chuyên nghiệp trên các phần mềm Photoshop, AI, Figma,... hay thậm chí là trải nghiệm sự ổn định và chất lượng với các tựa game online ở mức cài đặt trung bình như Among Us, DOTA 2,...|Acer Aspire đã thành công khi kết hợp công nghệ màn hình TFT và Acer ComfyView, mang đến chất lượng hiển thị ảnh chuyên nghiệp với màn hình truyền dẫn ánh sáng tốt, độ tương phản cao cùng những chuyển động mượt mà, giúp bạn đắm chìm vào những khung hình sống động dù ở điều kiện ánh sáng cao.|Kích thước bàn phím Fullsize cùng độ nảy tốt và hành trình sâu, tích hợp thêm vùng phím số mang lại trải nghiệm thuận tiện và thoải mái khi nhập mọi dữ liệu văn bản thường ngày. |Acer Aspire được trang bị các cổng kết nối thông dụng hiện nay như 2 cổng USB 3.2, HDMI, LAN (RJ45) và USB 2.0 mang đến cho người dùng sự đa dạng thao tác khi muốn liên kết với các thiết bị ngoại vi khác như loa, máy chiếu, màn hình rời, chuột, bàn phím,... một cách nhanh chóng và dễ dàng.','Đánh giá: Laptop Acer Aspire 3 A315-59-381E (NX.K6TSV.006) (i3 1215U/8GB RAM/512GB SSD/15.6 inch FHD/Win 11/Bạc)','https://hanoicomputercdn.com/media/lib/31-08-2022/hacom-acer-aspire-3-a315-58-1.jpeg|https://hanoicomputercdn.com/media/lib/31-08-2022/hacom-acer-aspire-3-a315-58-2.jpeg|https://hanoicomputercdn.com/media/lib/31-08-2022/hacom-acer-aspire-3-a315-58-3.jpeg|https://hanoicomputercdn.com/media/lib/31-08-2022/hacom-acer-aspire-3-a315-58-5.jpeg|https://hanoicomputercdn.com/media/lib/31-08-2022/hacom-acer-aspire-3-a315-58-6.jpeg|https://hanoicomputercdn.com/media/lib/31-08-2022/hacom-acer-aspire-3-a315-58-4.jpeg|https://hanoicomputercdn.com/media/lib/31-08-2022/hacom-acer-aspire-3-a315-58-8.jpeg',19),(20,'Acer Aspire 3 A315 59 chinh phục mọi ánh nhìn của người dùng với thiết kế sang trọng, thanh lịch kết hợp cùng con chip Intel thế hệ 11 mạnh mẽ vượt bậc, là một trong những chiếc laptop học tập - văn phòng đáng để bạn sở hữu.|Được trang bị con chip Intel Core i thế hệ 11, laptop Acer mang đến cho bạn trải nghiệm mượt mà mọi tác vụ văn phòng như Word, Excel, PowerPoint,... cùng với hiệu suất đồ họa ổn định và khả năng ép xung lên đến 4.2 GHz nhờ vào công nghệ Turbo Boost tiên tiến. |Card đồ họa tích hợp Intel UHD/Iris Xe giúp tối ưu hóa chiếc máy tính của bạn, tăng khả năng cải tiến đồ họa vượt trội, thao tác chuyên nghiệp trên các phần mềm Photoshop, AI, Figma,... hay thậm chí là trải nghiệm sự ổn định và chất lượng với các tựa game online ở mức cài đặt trung bình như Among Us, DOTA 2,...|Acer Aspire đã thành công khi kết hợp công nghệ màn hình TFT và Acer ComfyView, mang đến chất lượng hiển thị ảnh chuyên nghiệp với màn hình truyền dẫn ánh sáng tốt, độ tương phản cao cùng những chuyển động mượt mà, giúp bạn đắm chìm vào những khung hình sống động dù ở điều kiện ánh sáng cao.|Kích thước bàn phím Fullsize cùng độ nảy tốt và hành trình sâu, tích hợp thêm vùng phím số mang lại trải nghiệm thuận tiện và thoải mái khi nhập mọi dữ liệu văn bản thường ngày. |Acer Aspire được trang bị các cổng kết nối thông dụng hiện nay như 2 cổng USB 3.2, HDMI, LAN (RJ45) và USB 2.0 mang đến cho người dùng sự đa dạng thao tác khi muốn liên kết với các thiết bị ngoại vi khác như loa, máy chiếu, màn hình rời, chuột, bàn phím,... một cách nhanh chóng và dễ dàng.','Đánh giá: Laptop Acer Aspire 3 A315-59-381E (NX.K6TSV.006) (i3 1215U/8GB RAM/512GB SSD/15.6 inch FHD/Win 11/Bạc)','https://hanoicomputercdn.com/media/lib/31-08-2022/hacom-acer-aspire-3-a315-58-1.jpeg|https://hanoicomputercdn.com/media/lib/31-08-2022/hacom-acer-aspire-3-a315-58-2.jpeg|https://hanoicomputercdn.com/media/lib/31-08-2022/hacom-acer-aspire-3-a315-58-3.jpeg|https://hanoicomputercdn.com/media/lib/31-08-2022/hacom-acer-aspire-3-a315-58-5.jpeg|https://hanoicomputercdn.com/media/lib/31-08-2022/hacom-acer-aspire-3-a315-58-6.jpeg|https://hanoicomputercdn.com/media/lib/31-08-2022/hacom-acer-aspire-3-a315-58-4.jpeg|https://hanoicomputercdn.com/media/lib/31-08-2022/hacom-acer-aspire-3-a315-58-8.jpeg',20),(21,'CPU AMD Ryzen 5 7600X (6 nhân 12 luồng, up to 5.3Ghz) là sản phẩm thuộc phân khúc giá rẻ của dòng CPU Ryzen 7000 Series, sở hữu 6 nhân 12 luồng với mức xung nhịp cơ bản là 4.7GHz và xung nhịp tối đa lõi đơn lên đến 5.3GHz.|CPU AMD Ryzen 5 7600X dựa trên kiến ​​trúc mới của AMD, Zen 4. Giống như Zen 3 trước đó, AMD tiếp tục sử dụng thiết kế dựa trên chiplet trong kiến ​​trúc mới này, mang lại cho nó một giao diện cao cấp tương tự như tất cả các thiết bị trước đó Kiến trúc bộ xử lý Zen. Tuy nhiên, một số thay đổi trong kiến ​​trúc cốt lõi và việc chuyển sang quy trình sản xuất 5nm mới đã cho phép AMD tăng hiệu suất đáng kể. Nhìn chung, xu hướng của Zen 4 là giống như Zen 3, nhưng lớn hơn và mạnh mẽ hơn. Zen 4 có giao diện người dùng mạnh mẽ hơn so với kiến ​​trúc Zen 3 trước đó bao gồm phần cứng dự đoán nhánh mạnh hơn có thể đưa ra hai dự đoán nhánh cho mỗi chu kỳ.|','Đánh giá: CPU AMD Ryzen 5 7600X (4.7 GHz Upto 5.3GHz / 38MB / 6 Cores, 12 Threads / 105W / Socket AM5)','https://hanoicomputercdn.com/media/lib/29-11-2022/cpu-amd-ryzen-5-7600x-47-ghz-upto-53ghz-38mb-6-cores-12-threads-105w-socket-am5-mt.jpg|https://hanoicomputercdn.com/media/lib/29-11-2022/zen4.jpg',21),(22,'Thiết kế hoàn toàn mới đã được cấp bằng sáng chế phép các kỹ sư tùy chỉnh từng trình điều khiển — cho phép tái tạo riêng lẻ các tần số âm thanh cao, trung và thấp để mang đến những âm phong phú hơn, âm thanh sáng hơn và âm trầm mạnh mẽ.|Cung cấp khả năng nhận giọng nói tốt hơn và loại bỏ tiếng ồn, áp dụng thiết kế mở hơn để giảm thiểu sự cản trở — giúp cải thiện độ rõ ràng để bạn tái tạo giọng nói gần hơn.|Loại bỏ tiếng ồn và tận hưởng sự tập trung không bị gián đoạn với chụp tai đặc biệt khép kín che phủ hoàn toàn tai của bạn, được hỗ trợ bởi đệm tai sang trọng tạo thành nút kín hơn để cách ly âm thanh tốt hơn.','Đánh giá: Tai nghe Razer BlackShark V2 X-Wired Gaming Headset-Trắng_RZ04-03240700-R3M1','https://hanoicomputercdn.com/media/lib/23-03-2022/tai-nghe-razer-blackshark-v2-x-wired-gaming-headset-trang_rz04-03240700-r3m1-001.jpg|https://hanoicomputercdn.com/media/lib/26-07-2022/tai-nghe-razer-blackshark-v2-x-wired-gaming-headset-trang_rz04-03240700-r3m1-005.jpg|https://hanoicomputercdn.com/media/lib/26-07-2022/tai-nghe-razer-blackshark-v2-x-wired-gaming-headset-trang_rz04-03240700-r3m1-002.jpg|https://hanoicomputercdn.com/media/lib/26-07-2022/tai-nghe-razer-blackshark-v2-x-wired-gaming-headset-trang_rz04-03240700-r3m1-004.jpg',22),(23,'Chuột gaming E-Dra EM624 LED RGB có thiết kế đơn giản nhưng rất đẹp mắt bởi giao diện đèn nền độc đáo. Độ phân giải 1200 DPI và cảm biến  6662 IC - Switch Huano 50M. Màu sắc đa dạng thích hợp cho các dàn máy tính PC chơi game. Nhìn chung, sản phẩm có mức giá phù hợp với những giá trị mà nó mang lại.|Chuột E-DRA EM624 Gaming được thiết kế diện mạo thon gọn, dễ cầm và vững tay. Tuy vậy, chuột không quá nhỏ mà vừa vặn với lòng bàn tay, kết hợp với đèn nền RGB độc đáo và thú vị đậm chất gaming. Kích thước chuột nhỏ gọn với trọng lượng siêu nhẹ. Độ nhạy cao mang lại chất lượng và hiệu năng vượt trội hơn cho sản phẩm.|Em chuột gaming này còn được trang bị Huano Switch có độ bền cao lên đến 50 triệu lần nhấn. Nó mang lại trải nghiệm click chuột ổn định và bền bỉ theo năm tháng. Switch cũng mang lại âm thanh khá vui tai cùng với sự êm ái của phím bấm sẽ làm bạn hoàn toàn hài lòng.','Đánh giá: Chuột Edra EM624 trắng (USB) chính hãng, bảo hành dài','https://hanoicomputercdn.com/media/lib/08-03-2022/chuot-edra-em624-trang-usb-2.jpg|https://hanoicomputercdn.com/media/lib/08-03-2022/chuot-edra-em624-trang-usb-3.jpg|https://hanoicomputercdn.com/media/lib/08-03-2022/chuot-edra-em624-trang-usb-1.jpg',23),(24,'Bàn phím cơ chơi game Machenike K500-B61 RGB|Bàn phím cơ chơi game Machenike K500-B61 RGB|Bàn phím cơ chơi game Machenike K500-B61 RGB|Bàn phím cơ chơi game Machenike K500-B61 RGB|Bàn phím cơ chơi game Machenike K500-B61 RGB','Bàn phím cơ chơi game Machenike K500-B61 RGB','https://bizweb.dktcdn.net/thumb/1024x1024/100/410/941/products/k500-b61-2-94026d13-5de5-4a3f-ba87-da3557269e4f.jpg?v=1709085031737|https://bizweb.dktcdn.net/thumb/1024x1024/100/410/941/products/k500-b61-02.jpg?v=1709085028157|https://bizweb.dktcdn.net/thumb/1024x1024/100/410/941/products/k500-b61-03.jpg?v=1709085029100|https://bizweb.dktcdn.net/thumb/1024x1024/100/410/941/products/k500-b61-04.jpg?v=1709085029793',24),(25,'Được xử lý để làm mát tuyệt vời và hiệu quả im lặng tuyệt vời với các quạt FC120 đi kèm có áp suất tĩnh tăng cường, luồng không khí tập trung và vòng bi động chất lỏng.|Thiết kế mặt máy bơm gương vô cực mới chiếu ra hai vòng sáng cho hiệu ứng hình ảnh mê hoặc đồng thời cho phép lắp đặt theo bất kỳ hướng nào với tấm biểu trưng có thể xoay độc lập. Để tùy chỉnh đầy đủ, một khoảng trống được bổ sung cho thiết kế của riêng bạn.|Phối hợp màu sắc của bạn thông qua phần mềm RGB được hỗ trợ và đồng bộ hóa bo mạch chủ để truy cập điều khiển cho các hiệu ứng ánh sáng khác nhau. Hiệu ứng cầu vồng Auto-RGB mặc định được bật khi không phát hiện thấy bộ điều khiển nào cho phép các mainboard không có kết nối 5V ARGB','Đánh giá: Tản nhiệt nước DEEPCOOL LS720 Premium liquid CPU cooler','https://hanoicomputercdn.com/media/lib/08-11-2022/ls720-mota1.jpg|https://hanoicomputercdn.com/media/lib/08-11-2022/ls520mota3.jpg|https://hanoicomputercdn.com/media/lib/08-11-2022/ls520mota6.jpg',25);
/*!40000 ALTER TABLE `blog` ENABLE KEYS */;
UNLOCK TABLES;

--
-- Table structure for table `cache`
--

DROP TABLE IF EXISTS `cache`;
/*!40101 SET @saved_cs_client     = @@character_set_client */;
/*!50503 SET character_set_client = utf8mb4 */;
CREATE TABLE `cache` (
  `key` varchar(255) CHARACTER SET utf8mb4 COLLATE utf8mb4_unicode_ci NOT NULL,
  `value` mediumtext CHARACTER SET utf8mb4 COLLATE utf8mb4_unicode_ci NOT NULL,
  `expiration` int NOT NULL,
  PRIMARY KEY (`key`)
) ENGINE=InnoDB DEFAULT CHARSET=utf8mb4 COLLATE=utf8mb4_unicode_ci;
/*!40101 SET character_set_client = @saved_cs_client */;

--
-- Dumping data for table `cache`
--

LOCK TABLES `cache` WRITE;
/*!40000 ALTER TABLE `cache` DISABLE KEYS */;
/*!40000 ALTER TABLE `cache` ENABLE KEYS */;
UNLOCK TABLES;

--
-- Table structure for table `cache_locks`
--

DROP TABLE IF EXISTS `cache_locks`;
/*!40101 SET @saved_cs_client     = @@character_set_client */;
/*!50503 SET character_set_client = utf8mb4 */;
CREATE TABLE `cache_locks` (
  `key` varchar(255) CHARACTER SET utf8mb4 COLLATE utf8mb4_unicode_ci NOT NULL,
  `owner` varchar(255) CHARACTER SET utf8mb4 COLLATE utf8mb4_unicode_ci NOT NULL,
  `expiration` int NOT NULL,
  PRIMARY KEY (`key`)
) ENGINE=InnoDB DEFAULT CHARSET=utf8mb4 COLLATE=utf8mb4_unicode_ci;
/*!40101 SET character_set_client = @saved_cs_client */;

--
-- Dumping data for table `cache_locks`
--

LOCK TABLES `cache_locks` WRITE;
/*!40000 ALTER TABLE `cache_locks` DISABLE KEYS */;
/*!40000 ALTER TABLE `cache_locks` ENABLE KEYS */;
UNLOCK TABLES;

--
-- Table structure for table `failed_jobs`
--

DROP TABLE IF EXISTS `failed_jobs`;
/*!40101 SET @saved_cs_client     = @@character_set_client */;
/*!50503 SET character_set_client = utf8mb4 */;
CREATE TABLE `failed_jobs` (
  `id` bigint unsigned NOT NULL AUTO_INCREMENT,
  `uuid` varchar(255) CHARACTER SET utf8mb4 COLLATE utf8mb4_unicode_ci NOT NULL,
  `connection` text CHARACTER SET utf8mb4 COLLATE utf8mb4_unicode_ci NOT NULL,
  `queue` text CHARACTER SET utf8mb4 COLLATE utf8mb4_unicode_ci NOT NULL,
  `payload` longtext CHARACTER SET utf8mb4 COLLATE utf8mb4_unicode_ci NOT NULL,
  `exception` longtext CHARACTER SET utf8mb4 COLLATE utf8mb4_unicode_ci NOT NULL,
  `failed_at` timestamp NOT NULL DEFAULT CURRENT_TIMESTAMP,
  PRIMARY KEY (`id`),
  UNIQUE KEY `failed_jobs_uuid_unique` (`uuid`)
) ENGINE=InnoDB DEFAULT CHARSET=utf8mb4 COLLATE=utf8mb4_unicode_ci;
/*!40101 SET character_set_client = @saved_cs_client */;

--
-- Dumping data for table `failed_jobs`
--

LOCK TABLES `failed_jobs` WRITE;
/*!40000 ALTER TABLE `failed_jobs` DISABLE KEYS */;
/*!40000 ALTER TABLE `failed_jobs` ENABLE KEYS */;
UNLOCK TABLES;

--
-- Table structure for table `job_batches`
--

DROP TABLE IF EXISTS `job_batches`;
/*!40101 SET @saved_cs_client     = @@character_set_client */;
/*!50503 SET character_set_client = utf8mb4 */;
CREATE TABLE `job_batches` (
  `id` varchar(255) CHARACTER SET utf8mb4 COLLATE utf8mb4_unicode_ci NOT NULL,
  `name` varchar(255) CHARACTER SET utf8mb4 COLLATE utf8mb4_unicode_ci NOT NULL,
  `total_jobs` int NOT NULL,
  `pending_jobs` int NOT NULL,
  `failed_jobs` int NOT NULL,
  `failed_job_ids` longtext CHARACTER SET utf8mb4 COLLATE utf8mb4_unicode_ci NOT NULL,
  `options` mediumtext CHARACTER SET utf8mb4 COLLATE utf8mb4_unicode_ci,
  `cancelled_at` int DEFAULT NULL,
  `created_at` int NOT NULL,
  `finished_at` int DEFAULT NULL,
  PRIMARY KEY (`id`)
) ENGINE=InnoDB DEFAULT CHARSET=utf8mb4 COLLATE=utf8mb4_unicode_ci;
/*!40101 SET character_set_client = @saved_cs_client */;

--
-- Dumping data for table `job_batches`
--

LOCK TABLES `job_batches` WRITE;
/*!40000 ALTER TABLE `job_batches` DISABLE KEYS */;
/*!40000 ALTER TABLE `job_batches` ENABLE KEYS */;
UNLOCK TABLES;

--
-- Table structure for table `jobs`
--

DROP TABLE IF EXISTS `jobs`;
/*!40101 SET @saved_cs_client     = @@character_set_client */;
/*!50503 SET character_set_client = utf8mb4 */;
CREATE TABLE `jobs` (
  `id` bigint unsigned NOT NULL AUTO_INCREMENT,
  `queue` varchar(255) CHARACTER SET utf8mb4 COLLATE utf8mb4_unicode_ci NOT NULL,
  `payload` longtext CHARACTER SET utf8mb4 COLLATE utf8mb4_unicode_ci NOT NULL,
  `attempts` tinyint unsigned NOT NULL,
  `reserved_at` int unsigned DEFAULT NULL,
  `available_at` int unsigned NOT NULL,
  `created_at` int unsigned NOT NULL,
  PRIMARY KEY (`id`),
  KEY `jobs_queue_index` (`queue`)
) ENGINE=InnoDB DEFAULT CHARSET=utf8mb4 COLLATE=utf8mb4_unicode_ci;
/*!40101 SET character_set_client = @saved_cs_client */;

--
-- Dumping data for table `jobs`
--

LOCK TABLES `jobs` WRITE;
/*!40000 ALTER TABLE `jobs` DISABLE KEYS */;
/*!40000 ALTER TABLE `jobs` ENABLE KEYS */;
UNLOCK TABLES;

--
-- Table structure for table `migrations`
--

DROP TABLE IF EXISTS `migrations`;
/*!40101 SET @saved_cs_client     = @@character_set_client */;
/*!50503 SET character_set_client = utf8mb4 */;
CREATE TABLE `migrations` (
  `id` int unsigned NOT NULL AUTO_INCREMENT,
  `migration` varchar(255) CHARACTER SET utf8mb4 COLLATE utf8mb4_unicode_ci NOT NULL,
  `batch` int NOT NULL,
  PRIMARY KEY (`id`)
) ENGINE=InnoDB AUTO_INCREMENT=4 DEFAULT CHARSET=utf8mb4 COLLATE=utf8mb4_unicode_ci;
/*!40101 SET character_set_client = @saved_cs_client */;

--
-- Dumping data for table `migrations`
--

LOCK TABLES `migrations` WRITE;
/*!40000 ALTER TABLE `migrations` DISABLE KEYS */;
INSERT INTO `migrations` VALUES (1,'0001_01_01_000000_create_users_table',1),(2,'0001_01_01_000001_create_cache_table',1),(3,'0001_01_01_000002_create_jobs_table',1);
/*!40000 ALTER TABLE `migrations` ENABLE KEYS */;
UNLOCK TABLES;

--
-- Table structure for table `order_item`
--

DROP TABLE IF EXISTS `order_item`;
/*!40101 SET @saved_cs_client     = @@character_set_client */;
/*!50503 SET character_set_client = utf8mb4 */;
CREATE TABLE `order_item` (
  `id` bigint NOT NULL,
  `quantity` smallint NOT NULL,
  `order_id` bigint DEFAULT NULL,
  `product_id` bigint DEFAULT NULL,
  PRIMARY KEY (`id`),
  KEY `FKt4dc2r9nbvbujrljv3e23iibt` (`order_id`),
  KEY `FK551losx9j75ss5d6bfsqvijna` (`product_id`),
  CONSTRAINT `FK551losx9j75ss5d6bfsqvijna` FOREIGN KEY (`product_id`) REFERENCES `product` (`id`),
  CONSTRAINT `FKt4dc2r9nbvbujrljv3e23iibt` FOREIGN KEY (`order_id`) REFERENCES `orders` (`id`)
) ENGINE=InnoDB DEFAULT CHARSET=utf8mb4 COLLATE=utf8mb4_0900_ai_ci;
/*!40101 SET character_set_client = @saved_cs_client */;

--
-- Dumping data for table `order_item`
--

LOCK TABLES `order_item` WRITE;
/*!40000 ALTER TABLE `order_item` DISABLE KEYS */;
INSERT INTO `order_item` VALUES (1,1,1,3),(102,1,102,3),(152,1,152,3),(202,1,202,3),(252,1,252,3),(302,1,302,3),(352,1,352,3),(402,1,402,3),(452,1,452,3),(502,1,502,3),(552,1,552,3),(602,1,602,3),(652,1,652,3),(702,1,702,3),(752,1,752,3),(802,1,802,3),(852,1,852,3),(902,1,902,3),(952,1,952,3),(953,1,953,3),(1002,1,1002,3),(1003,1,1003,3),(1004,1,1004,3),(1005,1,1005,3),(1006,1,1006,3),(1052,1,1052,3),(1102,1,1102,3),(1103,1,1103,3),(1104,1,1104,3);
/*!40000 ALTER TABLE `order_item` ENABLE KEYS */;
UNLOCK TABLES;

--
-- Table structure for table `order_item_seq`
--

DROP TABLE IF EXISTS `order_item_seq`;
/*!40101 SET @saved_cs_client     = @@character_set_client */;
/*!50503 SET character_set_client = utf8mb4 */;
CREATE TABLE `order_item_seq` (
  `next_val` bigint DEFAULT NULL
) ENGINE=InnoDB DEFAULT CHARSET=utf8mb4 COLLATE=utf8mb4_0900_ai_ci;
/*!40101 SET character_set_client = @saved_cs_client */;

--
-- Dumping data for table `order_item_seq`
--

LOCK TABLES `order_item_seq` WRITE;
/*!40000 ALTER TABLE `order_item_seq` DISABLE KEYS */;
INSERT INTO `order_item_seq` VALUES (1201);
/*!40000 ALTER TABLE `order_item_seq` ENABLE KEYS */;
UNLOCK TABLES;

--
-- Table structure for table `orders`
--

DROP TABLE IF EXISTS `orders`;
/*!40101 SET @saved_cs_client     = @@character_set_client */;
/*!50503 SET character_set_client = utf8mb4 */;
CREATE TABLE `orders` (
  `id` bigint NOT NULL,
  `created_at` datetime(6) DEFAULT NULL,
  `updated_at` datetime(6) DEFAULT NULL,
  `update_by` bigint DEFAULT NULL,
  `customer_email` varchar(100) DEFAULT NULL,
  `customer_name` varchar(50) DEFAULT NULL,
  `customer_phone` varchar(15) NOT NULL,
  `order_code` varchar(15) NOT NULL,
  `shipping_address` varchar(255) DEFAULT NULL,
  `shipping_method` tinyint DEFAULT NULL,
  `status` enum('WAITING','PREPARING','DELIVERY','COMPLETE') NOT NULL,
  `total_price` double DEFAULT NULL,
  PRIMARY KEY (`id`),
  CONSTRAINT `orders_chk_1` CHECK ((`shipping_method` between 0 and 1))
) ENGINE=InnoDB DEFAULT CHARSET=utf8mb4 COLLATE=utf8mb4_0900_ai_ci;
/*!40101 SET character_set_client = @saved_cs_client */;

--
-- Dumping data for table `orders`
--

LOCK TABLES `orders` WRITE;
/*!40000 ALTER TABLE `orders` DISABLE KEYS */;
INSERT INTO `orders` VALUES (1,'2024-04-15 03:07:58.838833',NULL,NULL,'mos98er@gmail.com','Nghia Huu Nguyen','0978456123','TGMD44476545','so 8A Ton That Thuyet, Kim Loan, Hạ Lang, Cao Bằng',0,'WAITING',960),(102,'2024-04-16 14:53:29.619880',NULL,NULL,'mos98er@gmail.com','Nghia Huu Nguyen','0987654321','TGMD16002102','9 ABC, Mông Ân, Bảo Lâm, Cao Bằng',0,'WAITING',960),(152,'2024-04-16 14:56:03.806909',NULL,NULL,'mos98er@gmail.com','Nghia Huu Nguyen','0987654321','TGMD50006631','9 ABC, Mông Ân, Bảo Lâm, Cao Bằng',0,'WAITING',960),(202,'2024-04-16 15:02:06.674430',NULL,NULL,'mos98er@gmail.com','Nghia Huu Nguyen','0987654321','TGMD55004964','9 ABC, Duyệt Trung, Cao Bằng, Cao Bằng',0,'WAITING',960),(252,'2024-04-16 15:03:57.248303',NULL,NULL,'mos98er@gmail.com','Nghia Huu Nguyen','0987654321','TGMD41007612','9 ABC, Duyệt Trung, Cao Bằng, Cao Bằng',0,'WAITING',960),(302,'2024-04-16 15:05:08.151555',NULL,NULL,'mos98er@gmail.com','Nghia Huu Nguyen','0987654321','TGMD85007564','9 ABC, Duyệt Trung, Cao Bằng, Cao Bằng',0,'WAITING',960),(352,'2024-04-16 15:08:57.297799',NULL,NULL,'mos98er@gmail.com','Nghia Huu Nguyen','0987654321','TGMD4700440','9 ABC, Nam Cao, Bảo Lâm, Cao Bằng',0,'WAITING',960),(402,'2024-04-16 15:21:24.642519',NULL,NULL,'mos98er@gmail.com','Nghia Huu Nguyen','0987654321','TGMD9007906','9 ABC, Nam Cao, Bảo Lâm, Cao Bằng',0,'WAITING',960),(452,'2024-04-16 15:27:57.020456',NULL,NULL,'mos98er@gmail.com','Nghia Huu Nguyen','0987654321','TGMD32007425','9 ABC, Lý Bôn, Bảo Lâm, Cao Bằng',0,'WAITING',960),(502,'2024-04-16 15:29:32.426012',NULL,NULL,'mos98er@gmail.com','Nghia Huu Nguyen','0987654321','TGMD48001782','9 ABC, Lý Bôn, Bảo Lâm, Cao Bằng',0,'WAITING',960),(552,'2024-04-16 15:31:06.105123',NULL,NULL,'mos98er@gmail.com','Nghia Huu Nguyen','0987654321','TGMD89007983','9 ABC, Lý Bôn, Bảo Lâm, Cao Bằng',0,'WAITING',960),(602,'2024-04-16 15:33:59.372041',NULL,NULL,'mos98er@gmail.com','Nghia Huu Nguyen','0987654321','TGMD52007924','9 ABC, Mông Ân, Bảo Lâm, Cao Bằng',0,'WAITING',960),(652,'2024-04-16 15:34:52.390535',NULL,NULL,'mos98er@gmail.com','Nghia Huu Nguyen','0987654321','TGMD2800443','9 ABC, Mông Ân, Bảo Lâm, Cao Bằng',0,'WAITING',960),(702,'2024-04-16 15:43:52.700119',NULL,NULL,'mos98er@gmail.com','Nghia Huu Nguyen','0987654321','TGMD48009898','9 ABC, Mông Ân, Bảo Lâm, Cao Bằng',0,'WAITING',960),(752,'2024-04-16 15:46:45.375838',NULL,NULL,'mos98er@gmail.com','Nghia Huu Nguyen','0987654321','TGMD1900917','9 ABC, Mông Ân, Bảo Lâm, Cao Bằng',0,'WAITING',960),(802,'2024-04-16 15:48:10.865277',NULL,NULL,'mos98er@gmail.com','Nghia Huu Nguyen','0987654321','TGMD13004134','9 ABC, Mông Ân, Bảo Lâm, Cao Bằng',0,'WAITING',960),(852,'2024-04-16 15:49:18.120149',NULL,NULL,'mos98er@gmail.com','Nghia Huu Nguyen','0987654321','TGMD25002841','9 ABC, Mông Ân, Bảo Lâm, Cao Bằng',0,'WAITING',960),(902,'2024-04-16 15:50:45.866495',NULL,NULL,'mos98er@gmail.com','Nghia Huu Nguyen','0987654321','TGMD7800909','9 ABC, Mông Ân, Bảo Lâm, Cao Bằng',0,'WAITING',960),(952,'2024-04-16 15:52:07.009914',NULL,NULL,'mos98er@gmail.com','Nghia Huu Nguyen','0987654321','TGMD28002404','9 ABC, Lý Bôn, Bảo Lâm, Cao Bằng',0,'WAITING',960),(953,'2024-04-16 15:53:36.851332',NULL,NULL,'mos98er@gmail.com','Nghia Huu Nguyen','0987654321','TGMD85002956','9 ABC, Lý Bôn, Bảo Lâm, Cao Bằng',0,'WAITING',960),(1002,'2024-04-16 15:54:34.814813',NULL,NULL,'mos98er@gmail.com','Nghia Huu Nguyen','0987654321','TGMD88009598','9 ABC, Lý Bôn, Bảo Lâm, Cao Bằng',0,'WAITING',960),(1003,'2024-04-16 15:56:11.386208',NULL,NULL,'mos98er@gmail.com','Nghia Huu Nguyen','0987654321','TGMD69007774','9 ABC, Lý Bôn, Bảo Lâm, Cao Bằng',0,'WAITING',960),(1004,'2024-04-16 16:00:24.213871',NULL,NULL,'mos98er@gmail.com','Nghia Huu Nguyen','0987654321','TGMD72008011','9 ABC, An Phú, An Phú, An Giang',0,'WAITING',960),(1005,'2024-04-16 16:02:20.160681',NULL,NULL,'mos98er@gmail.com','Nghia Huu Nguyen','0987654321','TGMD39005864','9 ABC, Mông Ân, Bảo Lâm, Cao Bằng',0,'WAITING',960),(1006,'2024-04-16 16:03:16.857807',NULL,NULL,'mos98er@gmail.com','Nghia Huu Nguyen','0987654321','TGMD53996871','9 ABC, Mông Ân, Bảo Lâm, Cao Bằng',0,'WAITING',960),(1052,'2024-04-16 16:04:22.395645',NULL,NULL,'mos98er@gmail.com','Nghia Huu Nguyen','0987654321','TGMD84997829','9 ABC, Mông Ân, Bảo Lâm, Cao Bằng',0,'WAITING',960),(1102,'2024-04-16 16:06:04.584873',NULL,NULL,'mos98er@gmail.com','Nghia Huu Nguyen','0987654321','TGMD52007367','9 ABC, Mông Ân, Bảo Lâm, Cao Bằng',0,'WAITING',960),(1103,'2024-04-16 16:08:27.215953',NULL,NULL,'mos98er@gmail.com','Nghia Huu Nguyen','0987654321','TGMD25003194','9 ABC, Lý Bôn, Bảo Lâm, Cao Bằng',0,'WAITING',960),(1104,'2024-04-16 16:08:48.678033',NULL,NULL,'mos98er@gmail.com','Nghia Huu Nguyen','0987654321','TGMD21009398','9 ABC, Bảo Toàn, Bảo Lạc, Cao Bằng',0,'WAITING',960);
/*!40000 ALTER TABLE `orders` ENABLE KEYS */;
UNLOCK TABLES;

--
-- Table structure for table `orders_seq`
--

DROP TABLE IF EXISTS `orders_seq`;
/*!40101 SET @saved_cs_client     = @@character_set_client */;
/*!50503 SET character_set_client = utf8mb4 */;
CREATE TABLE `orders_seq` (
  `next_val` bigint DEFAULT NULL
) ENGINE=InnoDB DEFAULT CHARSET=utf8mb4 COLLATE=utf8mb4_0900_ai_ci;
/*!40101 SET character_set_client = @saved_cs_client */;

--
-- Dumping data for table `orders_seq`
--

LOCK TABLES `orders_seq` WRITE;
/*!40000 ALTER TABLE `orders_seq` DISABLE KEYS */;
INSERT INTO `orders_seq` VALUES (1201);
/*!40000 ALTER TABLE `orders_seq` ENABLE KEYS */;
UNLOCK TABLES;

--
-- Table structure for table `password_reset_tokens`
--

DROP TABLE IF EXISTS `password_reset_tokens`;
/*!40101 SET @saved_cs_client     = @@character_set_client */;
/*!50503 SET character_set_client = utf8mb4 */;
CREATE TABLE `password_reset_tokens` (
  `email` varchar(255) CHARACTER SET utf8mb4 COLLATE utf8mb4_unicode_ci NOT NULL,
  `token` varchar(255) CHARACTER SET utf8mb4 COLLATE utf8mb4_unicode_ci NOT NULL,
  `created_at` timestamp NULL DEFAULT NULL,
  PRIMARY KEY (`email`)
) ENGINE=InnoDB DEFAULT CHARSET=utf8mb4 COLLATE=utf8mb4_unicode_ci;
/*!40101 SET character_set_client = @saved_cs_client */;

--
-- Dumping data for table `password_reset_tokens`
--

LOCK TABLES `password_reset_tokens` WRITE;
/*!40000 ALTER TABLE `password_reset_tokens` DISABLE KEYS */;
/*!40000 ALTER TABLE `password_reset_tokens` ENABLE KEYS */;
UNLOCK TABLES;

--
-- Table structure for table `payment`
--

DROP TABLE IF EXISTS `payment`;
/*!40101 SET @saved_cs_client     = @@character_set_client */;
/*!50503 SET character_set_client = utf8mb4 */;
CREATE TABLE `payment` (
  `id` bigint NOT NULL AUTO_INCREMENT,
  `created_at` datetime(6) DEFAULT NULL,
  `updated_at` datetime(6) DEFAULT NULL,
  `update_by` bigint DEFAULT NULL,
  `failure_reason` varchar(255) DEFAULT NULL,
  `order_code` varchar(255) DEFAULT NULL,
  `payment_id` varchar(255) DEFAULT NULL,
  `payment_method` tinyint DEFAULT NULL,
  `state` varchar(255) DEFAULT NULL,
  `detail` text CHARACTER SET utf8mb4 COLLATE utf8mb4_0900_ai_ci,
  `payment_code` varchar(255) DEFAULT NULL,
  `payment_link` varchar(255) DEFAULT NULL,
  PRIMARY KEY (`id`)
) ENGINE=InnoDB AUTO_INCREMENT=99 DEFAULT CHARSET=utf8mb4 COLLATE=utf8mb4_0900_ai_ci;
/*!40101 SET character_set_client = @saved_cs_client */;

--
-- Dumping data for table `payment`
--

LOCK TABLES `payment` WRITE;
/*!40000 ALTER TABLE `payment` DISABLE KEYS */;
INSERT INTO `payment` VALUES (1,'2024-04-05 08:59:49.487896',NULL,NULL,NULL,'TGMD30007808',NULL,2,'PENDING',NULL,NULL,NULL),(2,'2024-04-05 09:15:06.968503',NULL,NULL,NULL,'TGMD930053',NULL,2,'PENDING',NULL,NULL,NULL),(3,'2024-04-05 10:08:47.965800',NULL,NULL,NULL,'TGMD42001150',NULL,3,'PENDING',NULL,NULL,NULL),(4,'2024-04-05 10:08:57.548798',NULL,NULL,NULL,'TGMD55002636',NULL,2,'PENDING',NULL,NULL,NULL),(5,'2024-04-05 10:09:43.736683',NULL,NULL,NULL,'TGMD52006081',NULL,1,'PENDING',NULL,NULL,NULL),(6,'2024-04-05 10:13:56.087003',NULL,NULL,NULL,'TGMD6600671',NULL,3,'PENDING',NULL,NULL,NULL),(7,'2024-04-05 10:14:17.077247','2024-04-05 10:15:31.734157',NULL,NULL,'TGMD80003093','PAYID-MYHWZDA2KX31630RF259690K',2,'approved',NULL,NULL,NULL),(8,'2024-04-05 10:16:06.007466','2024-04-05 10:16:16.826682',NULL,NULL,'TGMD60004657','PAYID-MYHWZ6Q4XA809422L5871741',2,'approved',NULL,NULL,NULL),(9,'2024-04-05 10:16:34.712675',NULL,NULL,NULL,'TGMD14005809',NULL,3,'PENDING',NULL,NULL,NULL),(10,'2024-04-05 10:46:15.857874',NULL,NULL,NULL,'TGMD33006210',NULL,3,'PENDING',NULL,NULL,NULL),(11,'2024-04-05 10:58:34.422272',NULL,NULL,NULL,'TGMD6400291',NULL,3,'PENDING',NULL,NULL,NULL),(12,'2024-04-05 11:04:27.951953',NULL,NULL,NULL,'TGMD73002135',NULL,3,'PENDING',NULL,NULL,NULL),(13,'2024-04-05 11:21:31.454024','2024-04-05 11:21:53.292508',NULL,NULL,'TGMD90002619','92222404',3,'approved','{\"vnp_ResponseCode\":\"94\",\"vnp_Message\":\"Request is duplicated\"}',NULL,NULL),(14,'2024-04-05 11:26:25.542896','2024-04-05 11:26:43.387222',NULL,NULL,'TGMD75001016','48278081',3,'approved','{\"vnp_ResponseCode\":\"94\",\"vnp_Message\":\"Request is duplicated\"}',NULL,NULL),(15,'2024-04-05 11:27:46.089964','2024-04-05 11:28:21.870739',NULL,NULL,'TGMD19004614','09113222',3,'approved','{\"vnp_ResponseCode\":\"94\",\"vnp_Message\":\"Request is duplicated\"}',NULL,NULL),(16,'2024-04-05 14:51:31.276204','2024-04-05 15:12:55.255211',NULL,NULL,'TGMD66004508','66233975',3,'approved','{\"vnp_ResponseCode\":\"99\",\"vnp_Message\":\"Parameter required\"}',NULL,NULL),(17,'2024-04-05 15:21:21.062574','2024-04-05 15:21:52.869283',NULL,NULL,'TGMD3000838','71116817',3,'approved','{\"vnp_ResponseCode\":\"99\",\"vnp_Message\":\"Parameter required\"}',NULL,NULL),(18,'2024-04-05 10:20:42.677037','2024-04-05 10:20:43.078818',NULL,NULL,'TGMD53578973','51639367',3,'PENDING',NULL,NULL,NULL),(19,'2024-04-05 10:21:12.897665','2024-04-05 10:22:18.341209',NULL,NULL,'TGMD4679702','PAYID-MYH5BHI28M46342504908940',2,'approved',NULL,NULL,NULL),(20,'2024-04-08 10:13:27.811457',NULL,NULL,NULL,'TGMD22002431',NULL,1,'PENDING',NULL,NULL,NULL),(21,'2024-04-08 10:14:25.153959',NULL,NULL,NULL,'TGMD77009789',NULL,1,'PENDING',NULL,NULL,NULL),(22,'2024-04-08 17:38:51.318486','2024-04-08 17:39:20.949717',NULL,NULL,'TGMD37992986','PAYID-MYJ4SPQ6LG61310AN1485721',2,'approved',NULL,NULL,NULL),(23,'2024-04-08 17:39:45.461727',NULL,NULL,NULL,'TGMD160037',NULL,1,'PENDING',NULL,NULL,NULL),(24,'2024-04-08 17:54:58.258513',NULL,NULL,NULL,'TGMD27002969',NULL,1,'PENDING',NULL,NULL,NULL),(25,'2024-04-08 17:58:17.890719',NULL,NULL,NULL,'TGMD39007971',NULL,1,'PENDING',NULL,NULL,NULL),(26,'2024-04-08 17:59:11.810625',NULL,NULL,NULL,'TGMD60009018',NULL,1,'PENDING',NULL,NULL,NULL),(27,'2024-04-08 18:00:22.185526',NULL,NULL,NULL,'TGMD11003797',NULL,1,'PENDING',NULL,NULL,NULL),(28,'2024-04-08 18:01:50.121529',NULL,NULL,NULL,'TGMD26003402',NULL,1,'PENDING',NULL,NULL,NULL),(29,'2024-04-08 18:04:07.530845',NULL,NULL,NULL,'TGMD5005048',NULL,1,'PENDING',NULL,NULL,NULL),(30,'2024-04-08 18:06:14.985663',NULL,NULL,NULL,'TGMD66002916',NULL,1,'PENDING',NULL,NULL,NULL),(31,'2024-04-08 18:08:18.775089',NULL,NULL,NULL,'TGMD77003286',NULL,1,'PENDING',NULL,NULL,NULL),(32,'2024-04-08 18:10:07.595367',NULL,NULL,NULL,'TGMD49002680',NULL,1,'PENDING',NULL,NULL,NULL),(33,'2024-04-08 18:10:30.441456',NULL,NULL,NULL,'TGMD41007169',NULL,1,'PENDING',NULL,NULL,NULL),(34,'2024-04-09 10:10:22.698942','2024-04-09 10:11:25.971221',NULL,NULL,'TGMD34004418','68867117',3,'PENDING',NULL,NULL,NULL),(35,'2024-04-09 13:33:11.135988','2024-04-09 13:39:21.977478',NULL,NULL,'TGMD32009461','15872055',3,'approved','{\"vnp_ResponseCode\":\"99\",\"vnp_Message\":\"Parameter required\"}',NULL,NULL),(36,'2024-04-09 13:50:26.781282','2024-04-09 13:50:46.770517',NULL,NULL,'TGMD67004896','PAYID-MYKOKNI8D076926SW306074D',2,'approved',NULL,NULL,NULL),(37,'2024-04-09 17:01:37.704740',NULL,NULL,NULL,'TGMD33007530',NULL,1,'PENDING',NULL,NULL,NULL),(38,'2024-04-09 17:01:51.280254',NULL,NULL,NULL,'TGMD70003532',NULL,1,'PENDING',NULL,NULL,NULL),(39,'2024-04-09 17:03:35.451229',NULL,NULL,NULL,'TGMD67008736',NULL,1,'PENDING',NULL,NULL,NULL),(40,'2024-04-09 17:07:25.144262',NULL,NULL,NULL,'TGMD99008285',NULL,1,'PENDING',NULL,NULL,NULL),(41,'2024-04-09 17:10:03.809609',NULL,NULL,NULL,'TGMD10006875',NULL,1,'PENDING',NULL,NULL,NULL),(42,'2024-04-09 17:11:36.349483',NULL,NULL,NULL,'TGMD52009905',NULL,1,'PENDING',NULL,NULL,NULL),(43,'2024-04-09 17:13:04.511927',NULL,NULL,NULL,'TGMD30005321',NULL,1,'PENDING',NULL,NULL,NULL),(44,'2024-04-09 17:13:43.624245',NULL,NULL,NULL,'TGMD1004905',NULL,1,'PENDING',NULL,NULL,NULL),(45,'2024-04-09 17:14:51.147645',NULL,NULL,NULL,'TGMD450021',NULL,1,'PENDING',NULL,NULL,NULL),(46,'2024-04-09 17:20:48.093494',NULL,NULL,NULL,'TGMD7300132',NULL,1,'PENDING',NULL,NULL,NULL),(47,'2024-04-09 17:21:20.953208',NULL,NULL,NULL,'TGMD26008104',NULL,1,'PENDING',NULL,NULL,NULL),(48,'2024-04-09 17:21:59.909379',NULL,NULL,NULL,'TGMD95007230',NULL,1,'PENDING',NULL,NULL,NULL),(49,'2024-04-09 17:25:27.718735',NULL,NULL,NULL,'TGMD81004319',NULL,1,'PENDING',NULL,NULL,NULL),(50,'2024-04-09 17:26:38.751641',NULL,NULL,NULL,'TGMD9002996',NULL,1,'PENDING',NULL,NULL,NULL),(51,'2024-04-09 17:28:00.723783',NULL,NULL,NULL,'TGMD90002496',NULL,1,'PENDING',NULL,NULL,NULL),(52,'2024-04-09 17:30:10.164343',NULL,NULL,NULL,'TGMD83001785',NULL,1,'PENDING',NULL,NULL,NULL),(53,'2024-04-09 17:30:31.817016',NULL,NULL,NULL,'TGMD92006067',NULL,1,'PENDING',NULL,NULL,NULL),(54,'2024-04-09 17:32:55.581773',NULL,NULL,NULL,'TGMD93002308',NULL,1,'PENDING',NULL,NULL,NULL),(55,'2024-04-09 17:33:08.458353',NULL,NULL,NULL,'TGMD14008503',NULL,1,'PENDING',NULL,NULL,NULL),(56,'2024-04-09 17:33:35.841768',NULL,NULL,NULL,'TGMD20006013',NULL,1,'PENDING',NULL,NULL,NULL),(57,'2024-04-09 17:33:51.433831',NULL,NULL,NULL,'TGMD45002021',NULL,1,'PENDING',NULL,NULL,NULL),(58,'2024-04-09 17:36:35.457563',NULL,NULL,NULL,'TGMD6002738',NULL,1,'PENDING',NULL,NULL,NULL),(59,'2024-04-09 17:37:12.750548',NULL,NULL,NULL,'TGMD27002541',NULL,1,'PENDING',NULL,NULL,NULL),(60,'2024-04-09 17:40:58.981825',NULL,NULL,NULL,'TGMD41003036',NULL,1,'PENDING',NULL,NULL,NULL),(61,'2024-04-09 17:43:56.163052',NULL,NULL,NULL,'TGMD59005468',NULL,1,'PENDING',NULL,NULL,NULL),(62,'2024-04-09 18:48:20.510718','2024-04-09 18:48:21.040661',NULL,NULL,'TGMD87001531','35392842',3,'PENDING',NULL,NULL,NULL),(63,'2024-04-09 18:48:55.653418','2024-04-09 18:48:55.734051',NULL,NULL,'TGMD63001909','75885956',3,'PENDING',NULL,NULL,NULL),(64,'2024-04-09 20:39:00.861977',NULL,NULL,NULL,'TGMD70002903',NULL,1,'PENDING',NULL,NULL,NULL),(65,'2024-04-09 20:42:06.610466',NULL,NULL,NULL,'TGMD59005319',NULL,1,'PENDING',NULL,NULL,NULL),(66,'2024-04-09 20:45:24.019408',NULL,NULL,NULL,'TGMD90007603',NULL,1,'PENDING',NULL,NULL,NULL),(67,'2024-04-15 03:07:58.916327',NULL,NULL,NULL,'TGMD44476545',NULL,1,'PENDING',NULL,NULL,NULL),(68,'2024-04-16 14:53:29.776670',NULL,NULL,NULL,'TGMD16002102',NULL,2,'PENDING',NULL,NULL,NULL),(69,'2024-04-16 14:56:03.968432',NULL,NULL,NULL,'TGMD50006631',NULL,2,'PENDING',NULL,NULL,NULL),(70,'2024-04-16 15:02:06.783235',NULL,NULL,NULL,'TGMD55004964',NULL,2,'PENDING',NULL,NULL,NULL),(71,'2024-04-16 15:03:57.357638',NULL,NULL,NULL,'TGMD41007612',NULL,2,'PENDING',NULL,NULL,NULL),(72,'2024-04-16 15:05:08.268259',NULL,NULL,NULL,'TGMD85007564',NULL,2,'PENDING',NULL,NULL,NULL),(73,'2024-04-16 15:08:57.472944',NULL,NULL,NULL,'TGMD4700440',NULL,2,'PENDING',NULL,NULL,NULL),(74,'2024-04-16 15:21:24.733041',NULL,NULL,NULL,'TGMD9007906',NULL,2,'PENDING',NULL,NULL,NULL),(75,'2024-04-16 15:27:57.117650',NULL,NULL,NULL,'TGMD32007425',NULL,2,'PENDING',NULL,NULL,NULL),(76,'2024-04-16 15:29:32.659116',NULL,NULL,NULL,'TGMD48001782',NULL,2,'PENDING',NULL,NULL,NULL),(77,'2024-04-16 15:31:06.199813',NULL,NULL,NULL,'TGMD89007983',NULL,2,'PENDING',NULL,NULL,NULL),(78,'2024-04-16 15:33:59.610951',NULL,NULL,NULL,'TGMD52007924',NULL,2,'PENDING',NULL,NULL,NULL),(79,'2024-04-16 15:34:52.603204',NULL,NULL,NULL,'TGMD2800443',NULL,2,'PENDING',NULL,NULL,NULL),(80,'2024-04-16 15:43:52.790644',NULL,NULL,NULL,'TGMD48009898',NULL,2,'PENDING',NULL,NULL,NULL),(81,'2024-04-16 15:46:45.475140',NULL,NULL,NULL,'TGMD1900917',NULL,2,'PENDING',NULL,NULL,NULL),(82,'2024-04-16 15:48:11.091549',NULL,NULL,NULL,'TGMD13004134',NULL,2,'PENDING',NULL,NULL,NULL),(83,'2024-04-16 15:49:18.214564',NULL,NULL,NULL,'TGMD25002841',NULL,2,'PENDING',NULL,NULL,NULL),(84,'2024-04-16 15:50:45.962955',NULL,NULL,NULL,'TGMD7800909',NULL,2,'PENDING',NULL,NULL,NULL),(85,'2024-04-16 15:52:07.114397',NULL,NULL,NULL,'TGMD28002404',NULL,2,'PENDING',NULL,NULL,NULL),(86,'2024-04-16 15:53:36.866315',NULL,NULL,NULL,'TGMD85002956',NULL,2,'PENDING',NULL,NULL,NULL),(87,'2024-04-16 15:54:34.913587',NULL,NULL,NULL,'TGMD88009598',NULL,2,'PENDING',NULL,NULL,NULL),(88,'2024-04-16 15:56:11.400589',NULL,NULL,NULL,'TGMD69007774',NULL,2,'PENDING',NULL,NULL,NULL),(89,'2024-04-16 16:00:24.230386',NULL,NULL,NULL,'TGMD72008011',NULL,2,'PENDING',NULL,NULL,NULL),(90,'2024-04-16 16:02:20.173936',NULL,NULL,NULL,'TGMD39005864',NULL,2,'PENDING',NULL,NULL,NULL),(91,'2024-04-16 16:03:16.875795',NULL,NULL,NULL,'TGMD53996871',NULL,2,'PENDING',NULL,NULL,NULL),(92,'2024-04-16 16:04:22.508470',NULL,NULL,NULL,'TGMD84997829',NULL,2,'PENDING',NULL,NULL,NULL),(93,'2024-04-16 16:06:04.684336',NULL,NULL,NULL,'TGMD52007367',NULL,2,'PENDING',NULL,NULL,NULL),(94,'2024-04-16 16:06:05.952358',NULL,NULL,NULL,'TGMD52007367',NULL,2,'Create Invoice','{\"id\":\"INV2-LJCX-RBME-MD5R-GYG7\",\"status\":\"DRAFT\",\"detail\":{\"currency_code\":\"USD\",\"category_code\":\"SHIPPABLE\",\"invoice_number\":\"1713258364899\",\"invoice_date\":\"2024-04-16\",\"payment_term\":{\"term_type\":\"NET_30\",\"due_date\":\"2024-05-16\"},\"viewed_by_recipient\":false,\"group_draft\":false,\"metadata\":{\"create_time\":\"2024-04-16T09:06:11Z\",\"last_update_time\":\"2024-04-16T09:06:11Z\",\"created_by_flow\":\"REGULAR_SINGLE\",\"recipient_view_url\":\"https://www.sandbox.paypal.com/invoice/p/#LJCXRBMEMD5RGYG7\",\"invoicer_view_url\":\"https://www.sandbox.paypal.com/invoice/details/INV2-LJCX-RBME-MD5R-GYG7\",\"caller_type\":\"API_V2_INVOICE\",\"spam_info\":{}},\"archived\":false},\"invoicer\":{\"name\":{\"given_name\":\"QuantumTech\",\"full_name\":\"QuantumTech\"},\"address\":{\"address_line_1\":\"123 Townsend St\",\"address_line_2\":\"Floor 6\",\"admin_area_2\":\"San Francisco\",\"admin_area_1\":\"CA\",\"postal_code\":\"94107\",\"country_code\":\"US\"},\"phones\":[{\"country_code\":\"001\",\"national_number\":\"4085551234\",\"phone_type\":\"MOBILE\"}],\"website\":\"www.quantumtech.com\",\"tax_id\":\"XX-XXXXXXX\",\"logo_url\":\"https://example.com/logo.png\"},\"primary_recipients\":[{\"billing_info\":{\"name\":{\"given_name\":\"Nghia Huu Nguyen\",\"full_name\":\"Nghia Huu Nguyen\"},\"address\":{\"address_line_1\":\"1234 Main Street\",\"admin_area_2\":\"Anytown\",\"admin_area_1\":\"CA\",\"postal_code\":\"98765\",\"country_code\":\"US\"},\"email_address\":\"mos98er@gmail.com\"},\"shipping_info\":{\"name\":{\"given_name\":\"Nghia Huu Nguyen\",\"full_name\":\"Nghia Huu Nguyen\"},\"address\":{\"address_line_1\":\"1234 Main Street\",\"admin_area_2\":\"Anytown\",\"admin_area_1\":\"CA\",\"postal_code\":\"98765\",\"country_code\":\"US\"}}}],\"items\":[{\"id\":\"ITEM-2C005053CG858132J\",\"name\":\"null\",\"description\":\"Product\",\"quantity\":\"1\",\"unit_amount\":{\"currency_code\":\"USD\",\"value\":\"960.00\"},\"tax\":{\"id\":\"TAX-4HG3663448367832X\",\"name\":\"Sales Tax\",\"percent\":\"7.25\",\"amount\":{\"currency_code\":\"USD\",\"value\":\"66.12\"}},\"discount\":{\"percent\":\"5\",\"amount\":{\"currency_code\":\"USD\",\"value\":\"-48.00\"}},\"unit_of_measure\":\"QUANTITY\"}],\"configuration\":{\"tax_calculated_after_discount\":true,\"tax_inclusive\":false,\"allow_tip\":true,\"partial_payment\":{\"allow_partial_payment\":true,\"minimum_amount_due\":{\"currency_code\":\"USD\",\"value\":\"960.00\"}},\"template_id\":\"TEMP-5W9479109G332862T\"},\"amount\":{\"breakdown\":{\"item_total\":{\"currency_code\":\"USD\",\"value\":\"960.00\"},\"discount\":{\"invoice_discount\":{\"amount\":{\"currency_code\":\"USD\",\"value\":\"0.00\"}},\"item_discount\":{\"currency_code\":\"USD\",\"value\":\"-48.00\"}},\"tax_total\":{\"currency_code\":\"USD\",\"value\":\"69.75\"},\"shipping\":{\"amount\":{\"currency_code\":\"USD\",\"value\":\"50.00\"},\"tax\":{\"id\":\"TAX-4HG3663448367832X\",\"name\":\"Sales Tax\",\"percent\":\"7.25\",\"amount\":{\"currency_code\":\"USD\",\"value\":\"3.63\"}}},\"custom\":{\"label\":\"Packing Charges\",\"amount\":{\"currency_code\":\"USD\",\"value\":\"10.00\"}}},\"currency_code\":\"USD\",\"value\":\"1041.75\"},\"due_amount\":{\"currency_code\":\"USD\",\"value\":\"1041.75\"},\"links\":[{\"href\":\"https://api.sandbox.paypal.com/v2/invoicing/invoices/INV2-LJCX-RBME-MD5R-GYG7\",\"rel\":\"self\",\"method\":\"GET\"},{\"href\":\"https://api.sandbox.paypal.com/v2/invoicing/invoices/INV2-LJCX-RBME-MD5R-GYG7/send\",\"rel\":\"send\",\"method\":\"POST\"},{\"href\":\"https://api.sandbox.paypal.com/v2/invoicing/invoices/INV2-LJCX-RBME-MD5R-GYG7\",\"rel\":\"replace\",\"method\":\"PUT\"},{\"href\":\"https://api.sandbox.paypal.com/v2/invoicing/invoices/INV2-LJCX-RBME-MD5R-GYG7\",\"rel\":\"delete\",\"method\":\"DELETE\"},{\"href\":\"https://api.sandbox.paypal.com/v2/invoicing/invoices/INV2-LJCX-RBME-MD5R-GYG7/payments\",\"rel\":\"record-payment\",\"method\":\"POST\"}],\"unilateral\":false}','INV2-LJCX-RBME-MD5R-GYG7',NULL),(95,'2024-04-16 16:08:27.231187',NULL,NULL,NULL,'TGMD25003194',NULL,2,'PENDING',NULL,NULL,NULL),(96,'2024-04-16 16:08:28.304868',NULL,NULL,NULL,'TGMD25003194',NULL,2,'Create Invoice','{\"id\":\"INV2-27VG-ZGAM-MSXB-XCTF\",\"status\":\"DRAFT\",\"detail\":{\"currency_code\":\"USD\",\"category_code\":\"SHIPPABLE\",\"invoice_number\":\"1713258507402\",\"invoice_date\":\"2024-04-16\",\"payment_term\":{\"term_type\":\"NET_30\",\"due_date\":\"2024-05-16\"},\"viewed_by_recipient\":false,\"group_draft\":false,\"metadata\":{\"create_time\":\"2024-04-16T09:08:33Z\",\"last_update_time\":\"2024-04-16T09:08:33Z\",\"created_by_flow\":\"REGULAR_SINGLE\",\"recipient_view_url\":\"https://www.sandbox.paypal.com/invoice/p/#27VGZGAMMSXBXCTF\",\"invoicer_view_url\":\"https://www.sandbox.paypal.com/invoice/details/INV2-27VG-ZGAM-MSXB-XCTF\",\"caller_type\":\"API_V2_INVOICE\",\"spam_info\":{}},\"archived\":false},\"invoicer\":{\"name\":{\"given_name\":\"QuantumTech\",\"full_name\":\"QuantumTech\"},\"address\":{\"address_line_1\":\"123 Townsend St\",\"address_line_2\":\"Floor 6\",\"admin_area_2\":\"San Francisco\",\"admin_area_1\":\"CA\",\"postal_code\":\"94107\",\"country_code\":\"US\"},\"phones\":[{\"country_code\":\"001\",\"national_number\":\"4085551234\",\"phone_type\":\"MOBILE\"}],\"website\":\"www.quantumtech.com\",\"tax_id\":\"XX-XXXXXXX\",\"logo_url\":\"https://example.com/logo.png\"},\"primary_recipients\":[{\"billing_info\":{\"name\":{\"given_name\":\"Nghia Huu Nguyen\",\"full_name\":\"Nghia Huu Nguyen\"},\"address\":{\"address_line_1\":\"1234 Main Street\",\"admin_area_2\":\"Anytown\",\"admin_area_1\":\"CA\",\"postal_code\":\"98765\",\"country_code\":\"US\"},\"email_address\":\"mos98er@gmail.com\"},\"shipping_info\":{\"name\":{\"given_name\":\"Nghia Huu Nguyen\",\"full_name\":\"Nghia Huu Nguyen\"},\"address\":{\"address_line_1\":\"1234 Main Street\",\"admin_area_2\":\"Anytown\",\"admin_area_1\":\"CA\",\"postal_code\":\"98765\",\"country_code\":\"US\"}}}],\"items\":[{\"id\":\"ITEM-2YA1107632631353D\",\"name\":\"null\",\"description\":\"Product\",\"quantity\":\"1\",\"unit_amount\":{\"currency_code\":\"USD\",\"value\":\"960.00\"},\"tax\":{\"id\":\"TAX-4HG3663448367832X\",\"name\":\"Sales Tax\",\"percent\":\"7.25\",\"amount\":{\"currency_code\":\"USD\",\"value\":\"66.12\"}},\"discount\":{\"percent\":\"5\",\"amount\":{\"currency_code\":\"USD\",\"value\":\"-48.00\"}},\"unit_of_measure\":\"QUANTITY\"}],\"configuration\":{\"tax_calculated_after_discount\":true,\"tax_inclusive\":false,\"allow_tip\":true,\"partial_payment\":{\"allow_partial_payment\":true,\"minimum_amount_due\":{\"currency_code\":\"USD\",\"value\":\"960.00\"}},\"template_id\":\"TEMP-5W9479109G332862T\"},\"amount\":{\"breakdown\":{\"item_total\":{\"currency_code\":\"USD\",\"value\":\"960.00\"},\"discount\":{\"invoice_discount\":{\"amount\":{\"currency_code\":\"USD\",\"value\":\"0.00\"}},\"item_discount\":{\"currency_code\":\"USD\",\"value\":\"-48.00\"}},\"tax_total\":{\"currency_code\":\"USD\",\"value\":\"69.75\"},\"shipping\":{\"amount\":{\"currency_code\":\"USD\",\"value\":\"50.00\"},\"tax\":{\"id\":\"TAX-4HG3663448367832X\",\"name\":\"Sales Tax\",\"percent\":\"7.25\",\"amount\":{\"currency_code\":\"USD\",\"value\":\"3.63\"}}},\"custom\":{\"label\":\"Packing Charges\",\"amount\":{\"currency_code\":\"USD\",\"value\":\"10.00\"}}},\"currency_code\":\"USD\",\"value\":\"1041.75\"},\"due_amount\":{\"currency_code\":\"USD\",\"value\":\"1041.75\"},\"links\":[{\"href\":\"https://api.sandbox.paypal.com/v2/invoicing/invoices/INV2-27VG-ZGAM-MSXB-XCTF\",\"rel\":\"self\",\"method\":\"GET\"},{\"href\":\"https://api.sandbox.paypal.com/v2/invoicing/invoices/INV2-27VG-ZGAM-MSXB-XCTF/send\",\"rel\":\"send\",\"method\":\"POST\"},{\"href\":\"https://api.sandbox.paypal.com/v2/invoicing/invoices/INV2-27VG-ZGAM-MSXB-XCTF\",\"rel\":\"replace\",\"method\":\"PUT\"},{\"href\":\"https://api.sandbox.paypal.com/v2/invoicing/invoices/INV2-27VG-ZGAM-MSXB-XCTF\",\"rel\":\"delete\",\"method\":\"DELETE\"},{\"href\":\"https://api.sandbox.paypal.com/v2/invoicing/invoices/INV2-27VG-ZGAM-MSXB-XCTF/payments\",\"rel\":\"record-payment\",\"method\":\"POST\"}],\"unilateral\":false}','INV2-27VG-ZGAM-MSXB-XCTF',NULL),(97,'2024-04-16 16:08:48.689014',NULL,NULL,NULL,'TGMD21009398',NULL,2,'PENDING',NULL,NULL,NULL),(98,'2024-04-16 16:08:49.728952','2024-04-16 17:09:11.053024',NULL,NULL,'TGMD21009398',NULL,2,'Create Qr Code','{\"id\":\"INV2-FQXZ-5FUX-SEMU-TPEW\",\"status\":\"DRAFT\",\"detail\":{\"currency_code\":\"USD\",\"category_code\":\"SHIPPABLE\",\"invoice_number\":\"1713258528820\",\"invoice_date\":\"2024-04-16\",\"payment_term\":{\"term_type\":\"NET_30\",\"due_date\":\"2024-05-16\"},\"viewed_by_recipient\":false,\"group_draft\":false,\"metadata\":{\"create_time\":\"2024-04-16T09:08:55Z\",\"last_update_time\":\"2024-04-16T09:08:55Z\",\"created_by_flow\":\"REGULAR_SINGLE\",\"recipient_view_url\":\"https://www.sandbox.paypal.com/invoice/p/#FQXZ5FUXSEMUTPEW\",\"invoicer_view_url\":\"https://www.sandbox.paypal.com/invoice/details/INV2-FQXZ-5FUX-SEMU-TPEW\",\"caller_type\":\"API_V2_INVOICE\",\"spam_info\":{}},\"archived\":false},\"invoicer\":{\"name\":{\"given_name\":\"QuantumTech\",\"full_name\":\"QuantumTech\"},\"address\":{\"address_line_1\":\"123 Townsend St\",\"address_line_2\":\"Floor 6\",\"admin_area_2\":\"San Francisco\",\"admin_area_1\":\"CA\",\"postal_code\":\"94107\",\"country_code\":\"US\"},\"phones\":[{\"country_code\":\"001\",\"national_number\":\"4085551234\",\"phone_type\":\"MOBILE\"}],\"website\":\"www.quantumtech.com\",\"tax_id\":\"XX-XXXXXXX\",\"logo_url\":\"https://example.com/logo.png\"},\"primary_recipients\":[{\"billing_info\":{\"name\":{\"given_name\":\"Nghia Huu Nguyen\",\"full_name\":\"Nghia Huu Nguyen\"},\"address\":{\"address_line_1\":\"1234 Main Street\",\"admin_area_2\":\"Anytown\",\"admin_area_1\":\"CA\",\"postal_code\":\"98765\",\"country_code\":\"US\"},\"email_address\":\"mos98er@gmail.com\"},\"shipping_info\":{\"name\":{\"given_name\":\"Nghia Huu Nguyen\",\"full_name\":\"Nghia Huu Nguyen\"},\"address\":{\"address_line_1\":\"1234 Main Street\",\"admin_area_2\":\"Anytown\",\"admin_area_1\":\"CA\",\"postal_code\":\"98765\",\"country_code\":\"US\"}}}],\"items\":[{\"id\":\"ITEM-6PF893502Y8965036\",\"name\":\"null\",\"description\":\"Product\",\"quantity\":\"1\",\"unit_amount\":{\"currency_code\":\"USD\",\"value\":\"960.00\"},\"tax\":{\"id\":\"TAX-4HG3663448367832X\",\"name\":\"Sales Tax\",\"percent\":\"7.25\",\"amount\":{\"currency_code\":\"USD\",\"value\":\"66.12\"}},\"discount\":{\"percent\":\"5\",\"amount\":{\"currency_code\":\"USD\",\"value\":\"-48.00\"}},\"unit_of_measure\":\"QUANTITY\"}],\"configuration\":{\"tax_calculated_after_discount\":true,\"tax_inclusive\":false,\"allow_tip\":true,\"partial_payment\":{\"allow_partial_payment\":true,\"minimum_amount_due\":{\"currency_code\":\"USD\",\"value\":\"960.00\"}},\"template_id\":\"TEMP-5W9479109G332862T\"},\"amount\":{\"breakdown\":{\"item_total\":{\"currency_code\":\"USD\",\"value\":\"960.00\"},\"discount\":{\"invoice_discount\":{\"amount\":{\"currency_code\":\"USD\",\"value\":\"0.00\"}},\"item_discount\":{\"currency_code\":\"USD\",\"value\":\"-48.00\"}},\"tax_total\":{\"currency_code\":\"USD\",\"value\":\"69.75\"},\"shipping\":{\"amount\":{\"currency_code\":\"USD\",\"value\":\"50.00\"},\"tax\":{\"id\":\"TAX-4HG3663448367832X\",\"name\":\"Sales Tax\",\"percent\":\"7.25\",\"amount\":{\"currency_code\":\"USD\",\"value\":\"3.63\"}}},\"custom\":{\"label\":\"Packing Charges\",\"amount\":{\"currency_code\":\"USD\",\"value\":\"10.00\"}}},\"currency_code\":\"USD\",\"value\":\"1041.75\"},\"due_amount\":{\"currency_code\":\"USD\",\"value\":\"1041.75\"},\"links\":[{\"href\":\"https://api.sandbox.paypal.com/v2/invoicing/invoices/INV2-FQXZ-5FUX-SEMU-TPEW\",\"rel\":\"self\",\"method\":\"GET\"},{\"href\":\"https://api.sandbox.paypal.com/v2/invoicing/invoices/INV2-FQXZ-5FUX-SEMU-TPEW/send\",\"rel\":\"send\",\"method\":\"POST\"},{\"href\":\"https://api.sandbox.paypal.com/v2/invoicing/invoices/INV2-FQXZ-5FUX-SEMU-TPEW\",\"rel\":\"replace\",\"method\":\"PUT\"},{\"href\":\"https://api.sandbox.paypal.com/v2/invoicing/invoices/INV2-FQXZ-5FUX-SEMU-TPEW\",\"rel\":\"delete\",\"method\":\"DELETE\"},{\"href\":\"https://api.sandbox.paypal.com/v2/invoicing/invoices/INV2-FQXZ-5FUX-SEMU-TPEW/payments\",\"rel\":\"record-payment\",\"method\":\"POST\"}],\"unilateral\":false}','INV2-FQXZ-5FUX-SEMU-TPEW',NULL);
/*!40000 ALTER TABLE `payment` ENABLE KEYS */;
UNLOCK TABLES;

--
-- Table structure for table `producer`
--

DROP TABLE IF EXISTS `producer`;
/*!40101 SET @saved_cs_client     = @@character_set_client */;
/*!50503 SET character_set_client = utf8mb4 */;
CREATE TABLE `producer` (
  `id` bigint NOT NULL AUTO_INCREMENT,
  `image` varchar(255) DEFAULT NULL,
  `name` varchar(255) DEFAULT NULL,
  PRIMARY KEY (`id`)
) ENGINE=InnoDB AUTO_INCREMENT=9 DEFAULT CHARSET=utf8mb4 COLLATE=utf8mb4_0900_ai_ci;
/*!40101 SET character_set_client = @saved_cs_client */;

--
-- Dumping data for table `producer`
--

LOCK TABLES `producer` WRITE;
/*!40000 ALTER TABLE `producer` DISABLE KEYS */;
INSERT INTO `producer` VALUES (1,'https://cdn2.cellphones.com.vn/insecure/rs:fill:0:50/q:30/plain/https://cellphones.com.vn/media/wysiwyg/Icon/brand_logo/Asus.png','ASUS'),(2,'https://cdn2.cellphones.com.vn/insecure/rs:fill:0:50/q:30/plain/https://cellphones.com.vn/media/wysiwyg/Icon/brand_logo/MSI.png','MSI'),(3,'https://cdn2.cellphones.com.vn/insecure/rs:fill:0:50/q:30/plain/https://cellphones.com.vn/media/wysiwyg/Icon/brand_logo/Lenovo.png','LENOVO'),(4,'https://cdn2.cellphones.com.vn/insecure/rs:fill:0:50/q:30/plain/https://cellphones.com.vn/media/wysiwyg/Icon/brand_logo/HP.png','HP'),(5,'https://cdn2.cellphones.com.vn/insecure/rs:fill:0:50/q:30/plain/https://cellphones.com.vn/media/wysiwyg/Icon/brand_logo/acer.png','ACER'),(6,'https://cdn2.cellphones.com.vn/insecure/rs:fill:0:50/q:30/plain/https://cellphones.com.vn/media/wysiwyg/Icon/brand_logo/Dell.png','DELL'),(7,'https://cdn2.cellphones.com.vn/insecure/rs:fill:0:50/q:30/plain/https://cellphones.com.vn/media/wysiwyg/Icon/brand_logo/MSI-1.png','GIGABYTE'),(8,'https://cdn2.cellphones.com.vn/insecure/rs:fill:0:50/q:30/plain/https://cellphones.com.vn/media/wysiwyg/Icon/vaio-removebg-preview_1.png','VAIO');
/*!40000 ALTER TABLE `producer` ENABLE KEYS */;
UNLOCK TABLES;

--
-- Table structure for table `product`
--

DROP TABLE IF EXISTS `product`;
/*!40101 SET @saved_cs_client     = @@character_set_client */;
/*!50503 SET character_set_client = utf8mb4 */;
CREATE TABLE `product` (
  `id` bigint NOT NULL AUTO_INCREMENT,
  `discount_percentage` tinyint NOT NULL,
  `image` text NOT NULL,
  `model` varchar(50) DEFAULT NULL,
  `name` varchar(50) NOT NULL,
  `price` double NOT NULL,
  `status` int DEFAULT '0',
  `type` varchar(50) NOT NULL,
  `producer_id` bigint DEFAULT NULL,
  `detail` text,
  PRIMARY KEY (`id`),
  KEY `FKaxeo9fj1sfah36yd9bujs8qft` (`producer_id`),
  CONSTRAINT `FKaxeo9fj1sfah36yd9bujs8qft` FOREIGN KEY (`producer_id`) REFERENCES `producer` (`id`)
) ENGINE=InnoDB AUTO_INCREMENT=26 DEFAULT CHARSET=utf8mb4 COLLATE=utf8mb4_0900_ai_ci;
/*!40101 SET character_set_client = @saved_cs_client */;

--
-- Dumping data for table `product`
--

LOCK TABLES `product` WRITE;
/*!40000 ALTER TABLE `product` DISABLE KEYS */;
INSERT INTO `product` VALUES (1,10,'https://hanoicomputercdn.com/media/product/77538_laptop_dell_vostro_3520__3_.jpg|https://hanoicomputercdn.com/media/product/77538_laptop_dell_vostro_3520__2_.jpg|https://hanoicomputercdn.com/media/product/77538_laptop_dell_vostro_3520__5_.jpg|https://hanoicomputercdn.com/media/product/77538_laptop_dell_vostro_3520__4_.jpg|https://hanoicomputercdn.com/media/product/77538_laptop_dell_vostro_3520__1_.jpg','F0V0VI3','Laptop Dell Vostro 3520',380,1,'Laptop',6,'{\"cpuType\":\"Intel i3\",\"cpu\":\"Intel i3-13620H\",\"gpu\":\"NVIDIA GeForce RTX 4060 8GB GDDR6\",\"integratedGraphics\":\"Intel UHD Graphics 770\",\"ram\":\"8GB\",\"ramType\":\"DDR5 4800MHz\",\"ramSlots\":\"2 x 8GB (Supports up to 32GB)\",\"storage\":\"512GB\",\"screenSize\":\"15.6 inches\",\"battery\":\"4 cell 90 Wh , Non-removable\",\"operatingSystem\":\"Windows 11 Home\",\"Screen resolution\":\"1920 x 1080 pixels (FullHD)\",\"ports\":\"HDMI: 1, USB Type C \\/ DisplayPort \\/ Power Deliver: 1, USB 3.2: 2, Thunderbolt 4: 1, Audio Combo: 1, LAN: 1 Gb\\/s\"}\n'),(2,18,'https://hanoicomputercdn.com/media/product/77538_laptop_dell_vostro_3520__3_.jpg|https://hanoicomputercdn.com/media/product/77538_laptop_dell_vostro_3520__2_.jpg|https://hanoicomputercdn.com/media/product/77538_laptop_dell_vostro_3520__5_.jpg|https://hanoicomputercdn.com/media/product/77538_laptop_dell_vostro_3520__4_.jpg|https://hanoicomputercdn.com/media/product/77538_laptop_dell_vostro_3520__1_.jpg','Y4G15','Laptop Dell Vostro 3520',690,1,'Laptop',6,'{\"cpuType\":\"Intel i7\",\"cpu\":\"Intel i7-13620H\",\"gpu\":\"NVIDIA GeForce RTX 4060 8GB GDDR6\",\"integratedGraphics\":\"Intel UHD Graphics 770\",\"ram\":\"16GB\",\"ramType\":\"DDR5 4800MHz\",\"ramSlots\":\"2 x 8GB (Supports up to 32GB)\",\"storage\":\"512GB\",\"screenSize\":\"15.6 inches\",\"battery\":\"4 cell 90 Wh , Non-removable\",\"operatingSystem\":\"Windows 11 Home\",\"Screen resolution\":\"1920 x 1080 pixels (FullHD)\",\"ports\":\"HDMI: 1, USB Type C \\/ DisplayPort \\/ Power Deliver: 1, USB 3.2: 2, Thunderbolt 4: 1, Audio Combo: 1, LAN: 1 Gb\\/s\"}'),(3,20,'https://hanoicomputercdn.com/media/product/81281_laptop_gigabyte_gaming_g6__kf_h3vn853sh___2_.jpg|https://hanoicomputercdn.com/media/product/81281_laptop_gigabyte_gaming_g6__kf_h3vn853sh___1_.jpg|https://hanoicomputercdn.com/media/product/81281_laptop_gigabyte_gaming_g6__kf_h3vn853sh___6_.jpg|https://hanoicomputercdn.com/media/product/81281_laptop_gigabyte_gaming_g6__kf_h3vn853sh___5_.jpg|https://hanoicomputercdn.com/media/product/81281_laptop_gigabyte_gaming_g6__kf_h3vn853sh___4_.jpg','KF H3VN853SH','Laptop Gigabyte G6',1100,1,'Laptop',7,'{\"cpuType\":\"Intel i7\",\"cpu\":\"Intel i7-13620H\",\"gpu\":\"NVIDIA GeForce RTX 4060 8GB GDDR6\",\"integratedGraphics\":\"Intel UHD Graphics 770\",\"ram\":\"16GB\",\"ramType\":\"DDR5 4800MHz\",\"ramSlots\":\"2 x 8GB (Supports up to 32GB)\",\"storage\":\"512GB\",\"screenSize\":\"15.6 inches\",\"battery\":\"4 cell 90 Wh , Non-removable\",\"operatingSystem\":\"Windows 11 Home\",\"Screen resolution\":\"1920 x 1080 pixels (FullHD)\",\"ports\":\"HDMI: 1, USB Type C \\/ DisplayPort \\/ Power Deliver: 1, USB 3.2: 2, Thunderbolt 4: 1, Audio Combo: 1, LAN: 1 Gb\\/s\"}'),(4,14,'https://hanoicomputercdn.com/media/product/76007_ban_phim_co_gaming_khong_day_asus_rog_strix_scope_ii_96_wireless_nxsw_us_abs_90mp037a_bkua00_1.jpg|https://hanoicomputercdn.com/media/product/76007_ban_phim_co_gaming_khong_day_asus_rog_strix_scope_ii_96_wireless_nxsw_us_abs_90mp037a_bkua00_3.jpg|https://hanoicomputercdn.com/media/product/76007_ban_phim_co_gaming_khong_day_asus_rog_strix_scope_ii_96_wireless_nxsw_us_abs_90mp037a_bkua00_4.jpg|https://hanoicomputercdn.com/media/product/76007_ban_phim_co_gaming_khong_day_asus_rog_strix_scope_ii_96_wireless_nxsw_us_abs_90mp037a_bkua00_6.jpg|https://hanoicomputercdn.com/media/product/76007_ban_phim_co_gaming_khong_day_asus_rog_strix_scope_ii_96_wireless_nxsw_us_abs_90mp037a_bkua00_7.jpg','ABS 90MP037A','ASUS ROG STRIX SCOPE II 96',153,1,'Keyboard',1,'{\"connection\":\"USB 2.0 (TypeC to TypeA)Bluetooth 5.1RF 2.4GHz\",\"RGB_LED\":\"Per-key RGB\",\"USB_REPORT_RATE\":\"1000 Hz\",\"weight\":\"1.17 KG\",\"size\":\"377 x 131 x 40mm\",\"cable\":\"2m Type A to Type C cable\",\"color\":\"Black\",\"compatibility\":\"Windows® 11\"}'),(5,10,'https://hanoicomputercdn.com/media/product/64816_chuot_game_khong_day_asus_tuf_m4_wireless_usb_0000_1.jpg|https://hanoicomputercdn.com/media/product/64816_chuot_game_khong_day_asus_tuf_m4_wireless_usb_0003_4.jpg|https://hanoicomputercdn.com/media/product/64816_chuot_game_khong_day_asus_tuf_m4_wireless_usb_0001_2.jpg|https://hanoicomputercdn.com/media/product/64816_chuot_game_khong_day_asus_tuf_m4_wireless_usb_0002_3.jpg','M4 WIRELESS','ASUS TUF M4',34,1,'Mouse',1,'{\"model\":\"TUF GAMING M4 Wireless 2.4 Gaming Mouse, super lightweight, 12,000 dpi sensor, PBT shell cover, 100% PTFE mouse feet, Armoury Crate\",\"color\":\"Black\",\"connection\":\"Wireless\",\"batteryLife\":\"AA: RF 2.4 - 134 hours, BLE - 232 hours / AAA: RF 2.4 - 53 hours, BLE - 100 hours\",\"LED\":\"None\",\"designType\":\"Ergonomic\",\"sensor\":\"Optical\",\"sensitivity\":\"12,000 DPI\",\"buttonNumber\":\"6 buttons (exclusive Armory Crate software for easy and intuitive configuration)\",\"switchLifespan\":\"60 million clicks\",\"size\":\"126 x 63.5 x 39.6 mm\",\"weight\":\"77g with AAA battery & conversion accessories/86g with AA battery\",\"accessories\":\"1 x USB Wireless Dongle, 1 x AA Battery, 1 x AAA Battery, 1 x AAA to AA Battery Converter Holder, 1 x Quick Start Guide, 1 x Warranty Card\"}'),(6,15,'https://product.hstatic.net/200000837185/product/laptopgamingasustuff15fx507vv-lp157w_2f86df45d1f549be964801c1bfa4adab_grande.png|https://product.hstatic.net/200000837185/product/laptopgamingasustuff15fx507vv-lp157w_fd048dfcca264ab09961eb6f0ad105ae_grande.png|https://product.hstatic.net/200000837185/product/laptopgamingasustuff15fx507vv-lp157w_cd8e21c66f0d49b0861e5bbb3a5a22c0_grande.png|https://product.hstatic.net/200000837185/product/laptopgamingasustuff15fx507vv-lp157w_95ec30413dfa48f5ab821f0dc94555ad_grande.png','FX507VV  LP157W','Laptop ASUS TUF Gaming F15',1060,1,'Laptop',1,'{\"cpuType\":\"Intel i7\",\"cpu\":\"Intel Core i7-11800H\",\"gpu\":\"NVIDIA GeForce RTX 3060 6GB GDDR6\",\"integratedGraphics\":\"Intel UHD Graphics\",\"ram\":\"16GB\",\"ramType\":\"DDR4 3200MHz\",\"ramSlots\":\"2 x 8GB (Supports up to 32GB)\",\"storage\":\"512GB SSD\",\"screenSize\":\"15.6 inches\",\"battery\":\"4 cell 90 Wh, Non-removable\",\"operatingSystem\":\"Windows 11 Home\",\"screenResolution\":\"1920 x 1080 pixels (FullHD)\",\"ports\":\"HDMI:1/USB Type A 3.2:2/USB Type C:1/Audio Combo:1/LAN:10/100/1000 Mbps Ethernet\"}'),(7,20,'https://product.hstatic.net/200000837185/product/laptopgamingasustuff15fx507vv-lp157w_2f86df45d1f549be964801c1bfa4adab_grande.png|https://product.hstatic.net/200000837185/product/laptopgamingasustuff15fx507vv-lp157w_fd048dfcca264ab09961eb6f0ad105ae_grande.png|https://product.hstatic.net/200000837185/product/laptopgamingasustuff15fx507vv-lp157w_cd8e21c66f0d49b0861e5bbb3a5a22c0_grande.png|https://product.hstatic.net/200000837185/product/laptopgamingasustuff15fx507vv-lp157w_95ec30413dfa48f5ab821f0dc94555ad_grande.png','FX507VV4  LP382W','Laptop ASUS TUF Gaming F15',1280,1,'Laptop',1,'{\"cpuType\":\"Intel i9\",\"cpu\":\"Intel Core i9-13900H\",\"gpu\":\"NVIDIA GeForce RTX 3060 6GB GDDR6\",\"integratedGraphics\":\"Intel UHD Graphics\",\"ram\":\"16GB\",\"ramType\":\"DDR4 3200MHz\",\"ramSlots\":\"2 x 8GB (Supports up to 32GB)\",\"storage\":\"512GB SSD\",\"screenSize\":\"15.6 inches\",\"battery\":\"4 cell 90 Wh, Non-removable\",\"operatingSystem\":\"Windows 11 Home\",\"screenResolution\":\"1920 x 1080 pixels (FullHD)\",\"ports\":\"HDMI:1/USB Type A 3.2:2/USB Type C:1/Audio Combo:1/LAN:10/100/1000 Mbps Ethernet\"}'),(8,12,'https://product.hstatic.net/200000837185/product/laptopgamingasustuff15fx507vv-lp157w_2f86df45d1f549be964801c1bfa4adab_grande.png|https://product.hstatic.net/200000837185/product/laptopgamingasustuff15fx507vv-lp157w_fd048dfcca264ab09961eb6f0ad105ae_grande.png|https://product.hstatic.net/200000837185/product/laptopgamingasustuff15fx507vv-lp157w_cd8e21c66f0d49b0861e5bbb3a5a22c0_grande.png|https://product.hstatic.net/200000837185/product/laptopgamingasustuff15fx507vv-lp157w_95ec30413dfa48f5ab821f0dc94555ad_grande.png','FX506HF HN078W','Laptop ASUS TUF Gaming F15',680,1,'Laptop',1,'{\"cpuType\":\"Intel i5\",\"cpu\":\"Intel Core i5-11260H\",\"gpu\":\"NVIDIA GeForce RTX 3060 6GB GDDR6\",\"integratedGraphics\":\"Intel UHD Graphics\",\"ram\":\"8GB\",\"ramType\":\"DDR4 3200MHz\",\"ramSlots\":\"2 x 8GB (Supports up to 32GB)\",\"storage\":\"512GB SSD\",\"screenSize\":\"15.6 inches\",\"battery\":\"4 cell 90 Wh, Non-removable\",\"operatingSystem\":\"Windows 11 Home\",\"screenResolution\":\"1920 x 1080 pixels (FullHD)\",\"ports\":\"HDMI:1/USB Type A 3.2:2/USB Type C:1/Audio Combo:1/LAN:10/100/1000 Mbps Ethernet\"}'),(9,17,'https://hanoicomputercdn.com/media/product/81439_laptop_hp_probook_430_g7_i5_10210u__2_.jpg|https://hanoicomputercdn.com/media/product/81439_laptop_hp_probook_430_g7_i5_10210u__1_.jpg|https://hanoicomputercdn.com/media/product/81439_laptop_hp_probook_430_g7_i5_10210u__3_.jpg|https://hanoicomputercdn.com/media/product/59291_laptop_hp_probook_430_g8_14.jpg|https://hanoicomputercdn.com/media/product/59291_laptop_hp_probook_430_g8_13.jpg','G7','Laptop HP PROBOOK 430',315,1,'Laptop',4,'{\"cpuType\":\"Intel i5\",\"cpu\":\"Intel i5-10210H\",\"gpu\":\"NVIDIA GeForce RTX 4060 8GB GDDR6\",\"integratedGraphics\":\"Intel UHD Graphics 770\",\"ram\":\"16GB\",\"ramType\":\"DDR5 4800MHz\",\"ramSlots\":\"2 x 8GB (Supports up to 32GB)\",\"storage\":\"512GB\",\"screenSize\":\"15.6 inches\",\"battery\":\"4 cell 90 Wh , Non-removable\",\"operatingSystem\":\"Windows 11 Home\",\"Screen resolution\":\"1920 x 1080 pixels (FullHD)\",\"ports\":\"HDMI: 1, USB Type C \\/ DisplayPort \\/ Power Deliver: 1, USB 3.2: 2, Thunderbolt 4: 1, Audio Combo: 1, LAN: 1 Gb\\/s\"}'),(10,5,'https://hanoicomputercdn.com/media/product/76816_laptop_acer_aspire_7_a715_76_53pj__nh_qgesv_007___1_.jpg|https://hanoicomputercdn.com/media/product/76816_laptop_acer_aspire_7_a715_76_53pj__nh_qgesv_007___5_.jpg|https://hanoicomputercdn.com/media/product/76816_laptop_acer_aspire_7_a715_76_53pj__nh_qgesv_007___4_.jpg|https://hanoicomputercdn.com/media/product/76816_laptop_acer_aspire_7_a715_76_53pj__nh_qgesv_007___2_.jpg|https://hanoicomputercdn.com/media/product/76816_laptop_acer_aspire_7_a715_76_53pj__nh_qgesv_007___3_.jpg','A715 76 53P','Laptop ACER ASPIRE',630,1,'Laptop',5,'{\"cpuType\":\"Intel i5\",\"cpu\":\"Intel i5-10210H\",\"gpu\":\"NVIDIA GeForce RTX 4060 8GB GDDR6\",\"integratedGraphics\":\"Intel UHD Graphics 770\",\"ram\":\"16GB\",\"ramType\":\"DDR5 4800MHz\",\"ramSlots\":\"2 x 8GB (Supports up to 32GB)\",\"storage\":\"512GB\",\"screenSize\":\"15.6 inches\",\"battery\":\"4 cell 90 Wh , Non-removable\",\"operatingSystem\":\"Windows 11 Home\",\"Screen resolution\":\"1920 x 1080 pixels (FullHD)\",\"ports\":\"HDMI: 1, USB Type C \\/ DisplayPort \\/ Power Deliver: 1, USB 3.2: 2, Thunderbolt 4: 1, Audio Combo: 1, LAN: 1 Gb\\/s\"}'),(11,11,'https://hanoicomputercdn.com/media/product/77369_laptop_lenovo_thinkpad_t490s_cu_dep_1.jpg|https://hanoicomputercdn.com/media/product/71350_lenovo_thinkpad_e15_g4_9.jpg|https://hanoicomputercdn.com/media/product/71350_lenovo_thinkpad_e15_g4_8.jpg|https://hanoicomputercdn.com/media/product/71350_lenovo_thinkpad_e15_g4_7.jpg|https://hanoicomputercdn.com/media/product/71350_lenovo_thinkpad_e15_g4_6.jpg|https://hanoicomputercdn.com/media/product/71350_lenovo_thinkpad_e15_g4_5.jpg','E15','Laptop LENOVO THINKPAD',720,1,'Laptop',3,'{\"cpuType\":\"Intel i5\",\"cpu\":\"Intel i5-10210H\",\"gpu\":\"NVIDIA GeForce RTX 4060 8GB GDDR6\",\"integratedGraphics\":\"Intel UHD Graphics 770\",\"ram\":\"16GB\",\"ramType\":\"DDR5 4800MHz\",\"ramSlots\":\"2 x 8GB (Supports up to 32GB)\",\"storage\":\"512GB\",\"screenSize\":\"15.6 inches\",\"battery\":\"4 cell 90 Wh , Non-removable\",\"operatingSystem\":\"Windows 11 Home\",\"Screen resolution\":\"1920 x 1080 pixels (FullHD)\",\"ports\":\"HDMI: 1, USB Type C \\/ DisplayPort \\/ Power Deliver: 1, USB 3.2: 2, Thunderbolt 4: 1, Audio Combo: 1, LAN: 1 Gb\\/s\"}'),(12,16,'https://hanoicomputercdn.com/media/product/81591_laptop_msi_gaming_katana_a15_ai__b8vf_419vn___2_.jpg|https://hanoicomputercdn.com/media/product/81591_laptop_msi_gaming_katana_a15_ai__b8vf_419vn___4_.jpg|https://hanoicomputercdn.com/media/product/81591_laptop_msi_gaming_katana_a15_ai__b8vf_419vn___3_.jpg|https://hanoicomputercdn.com/media/product/81591_laptop_msi_gaming_katana_a15_ai__b8vf_419vn___1_.jpg|https://hanoicomputercdn.com/media/product/81591_laptop_msi_gaming_katana_a15_ai__b8vf_419vn___5_.jpg','B8VF 419VN','Laptop MSI KATANA A15 AI',1220,1,'Laptop',2,'{\"cpuType\":\"Intel i9\",\"cpu\":\"Intel Core i9-13900H\",\"gpu\":\"NVIDIA GeForce RTX 3060 6GB GDDR6\",\"integratedGraphics\":\"Intel UHD Graphics\",\"ram\":\"16GB\",\"ramType\":\"DDR4 3200MHz\",\"ramSlots\":\"2 x 8GB (Supports up to 32GB)\",\"storage\":\"512GB SSD\",\"screenSize\":\"15.6 inches\",\"battery\":\"4 cell 90 Wh, Non-removable\",\"operatingSystem\":\"Windows 11 Home\",\"screenResolution\":\"1920 x 1080 pixels (FullHD)\",\"ports\":\"HDMI:1/USB Type A 3.2:2/USB Type C:1/Audio Combo:1/LAN:10/100/1000 Mbps Ethernet\"}'),(13,9,'https://hanoicomputercdn.com/media/product/67534_tai_nghe_logitech_g633s_7_1_gaming_headset_0002_3.jpg|https://hanoicomputercdn.com/media/product/67534_tai_nghe_logitech_g633s_7_1_gaming_headset_0000_1.jpg|https://hanoicomputercdn.com/media/product/67534_tai_nghe_logitech_g633s_7_1_gaming_headset_0001_2.jpg|https://hanoicomputercdn.com/media/product/67534_tai_nghe_logitech_g633s_7_1_gaming_headset_0003_4.jpg','G633S 7.1','Gaming Headset LOGITECH',90,1,'Headphone',2,'{\"sensitivity\":\"93DB SPL/mW\",\"mic\":\"+6mm (fold to mute)\",\"speakerDriver\":\"Pro-G 50mm\",\"height\":\"7.40 in (188 mm)\",\"width\":\"7.67 in (195 mm)\",\"depth\":\"3.43 in (87 mm)\",\"weight\":\"344g\",\"cableLengthPC\":\"2.8m\",\"cableLengthMobile\":\"1.5m\",\"headphoneFrequencySensitivity\":\"20Hz-20KHz\",\"microphoneFrequencySensitivity\":\"100Hz-10KHz\",\"passiveImpedance\":\"39 Ohm\",\"activeImpedance\":\"5k Ohm\",\"microphoneType\":\"Cardioid (unidirectional)\",\"microphoneSize\":\"6mm\",\"platformCompatibility\":\"PC/Console/Mobile\"}'),(14,16,'https://hanoicomputercdn.com/media/product/73011_vwnc51527__4_.jpg|https://hanoicomputercdn.com/media/product/73011_vwnc51527__3_.jpg|https://hanoicomputercdn.com/media/product/73011_vwnc51527__2_.jpg|https://hanoicomputercdn.com/media/product/73011_vwnc51527__1_.jpg','VWNC51527 SL','Laptop VAIO FE 15',710,1,'Laptop',8,'{\"cpuType\":\"Intel i9\",\"cpu\":\"Intel Core i9-13900H\",\"gpu\":\"NVIDIA GeForce RTX 3060 6GB GDDR6\",\"integratedGraphics\":\"Intel UHD Graphics\",\"ram\":\"16GB\",\"ramType\":\"DDR4 3200MHz\",\"ramSlots\":\"2 x 8GB (Supports up to 32GB)\",\"storage\":\"512GB SSD\",\"screenSize\":\"15.6 inches\",\"battery\":\"4 cell 90 Wh, Non-removable\",\"operatingSystem\":\"Windows 11 Home\",\"screenResolution\":\"1920 x 1080 pixels (FullHD)\",\"ports\":\"HDMI:1/USB Type A 3.2:2/USB Type C:1/Audio Combo:1/LAN:10/100/1000 Mbps Ethernet\"}'),(15,23,'https://hanoicomputercdn.com/media/product/81591_laptop_msi_gaming_katana_a15_ai__b8vf_419vn___2_.jpg|https://hanoicomputercdn.com/media/product/81591_laptop_msi_gaming_katana_a15_ai__b8vf_419vn___4_.jpg|https://hanoicomputercdn.com/media/product/81591_laptop_msi_gaming_katana_a15_ai__b8vf_419vn___3_.jpg|https://hanoicomputercdn.com/media/product/81591_laptop_msi_gaming_katana_a15_ai__b8vf_419vn___1_.jpg|https://hanoicomputercdn.com/media/product/81591_laptop_msi_gaming_katana_a15_ai__b8vf_419vn___5_.jpg','Clone 1','Laptop MSI KATANA A15 AI',1000,1,'Laptop',2,'{\"cpuType\":\"Intel i7\",\"cpu\":\"Intel Core i7-13900H\",\"gpu\":\"NVIDIA GeForce RTX 3060 6GB GDDR6\",\"integratedGraphics\":\"Intel UHD Graphics\",\"ram\":\"16GB\",\"ramType\":\"DDR4 3200MHz\",\"ramSlots\":\"2 x 8GB (Supports up to 32GB)\",\"storage\":\"512GB SSD\",\"screenSize\":\"15.6 inches\",\"battery\":\"4 cell 90 Wh, Non-removable\",\"operatingSystem\":\"Windows 11 Home\",\"screenResolution\":\"1920 x 1080 pixels (FullHD)\",\"ports\":\"HDMI:1/USB Type A 3.2:2/USB Type C:1/Audio Combo:1/LAN:10/100/1000 Mbps Ethernet\"}'),(16,17,'https://hanoicomputercdn.com/media/product/81591_laptop_msi_gaming_katana_a15_ai__b8vf_419vn___2_.jpg|https://hanoicomputercdn.com/media/product/81591_laptop_msi_gaming_katana_a15_ai__b8vf_419vn___4_.jpg|https://hanoicomputercdn.com/media/product/81591_laptop_msi_gaming_katana_a15_ai__b8vf_419vn___3_.jpg|https://hanoicomputercdn.com/media/product/81591_laptop_msi_gaming_katana_a15_ai__b8vf_419vn___1_.jpg|https://hanoicomputercdn.com/media/product/81591_laptop_msi_gaming_katana_a15_ai__b8vf_419vn___5_.jpg','Clone 2','Laptop MSI KATANA A15 AI',900,1,'Laptop',2,'{\"cpuType\":\"Intel i5\",\"cpu\":\"Intel Core i5-13900H\",\"gpu\":\"NVIDIA GeForce RTX 3060 6GB GDDR6\",\"integratedGraphics\":\"Intel UHD Graphics\",\"ram\":\"8GB\",\"ramType\":\"DDR4 3200MHz\",\"ramSlots\":\"2 x 8GB (Supports up to 32GB)\",\"storage\":\"512GB SSD\",\"screenSize\":\"15.6 inches\",\"battery\":\"4 cell 90 Wh, Non-removable\",\"operatingSystem\":\"Windows 11 Home\",\"screenResolution\":\"1920 x 1080 pixels (FullHD)\",\"ports\":\"HDMI:1/USB Type A 3.2:2/USB Type C:1/Audio Combo:1/LAN:10/100/1000 Mbps Ethernet\"}'),(17,14,'https://hanoicomputercdn.com/media/product/81439_laptop_hp_probook_430_g7_i5_10210u__2_.jpg|https://hanoicomputercdn.com/media/product/81439_laptop_hp_probook_430_g7_i5_10210u__1_.jpg|https://hanoicomputercdn.com/media/product/81439_laptop_hp_probook_430_g7_i5_10210u__3_.jpg|https://hanoicomputercdn.com/media/product/59291_laptop_hp_probook_430_g8_14.jpg|https://hanoicomputercdn.com/media/product/59291_laptop_hp_probook_430_g8_13.jpg','Clone 3','Laptop HP PROBOOK 430',800,1,'Laptop',4,'{\"cpuType\":\"Intel i7\",\"cpu\":\"Intel i7-10210H\",\"gpu\":\"NVIDIA GeForce RTX 4060 8GB GDDR6\",\"integratedGraphics\":\"Intel UHD Graphics 770\",\"ram\":\"16GB\",\"ramType\":\"DDR5 4800MHz\",\"ramSlots\":\"2 x 8GB (Supports up to 32GB)\",\"storage\":\"512GB\",\"screenSize\":\"15.6 inches\",\"battery\":\"4 cell 90 Wh , Non-removable\",\"operatingSystem\":\"Windows 11 Home\",\"Screen resolution\":\"1920 x 1080 pixels (FullHD)\",\"ports\":\"HDMI: 1, USB Type C \\/ DisplayPort \\/ Power Deliver: 1, USB 3.2: 2, Thunderbolt 4: 1, Audio Combo: 1, LAN: 1 Gb\\/s\"}'),(18,8,'https://hanoicomputercdn.com/media/product/81439_laptop_hp_probook_430_g7_i5_10210u__2_.jpg|https://hanoicomputercdn.com/media/product/81439_laptop_hp_probook_430_g7_i5_10210u__1_.jpg|https://hanoicomputercdn.com/media/product/81439_laptop_hp_probook_430_g7_i5_10210u__3_.jpg|https://hanoicomputercdn.com/media/product/59291_laptop_hp_probook_430_g8_14.jpg|https://hanoicomputercdn.com/media/product/59291_laptop_hp_probook_430_g8_13.jpg','Clone 4','Laptop HP PROBOOK 430',1000,1,'Laptop',4,'{\"cpuType\":\"Intel i9\",\"cpu\":\"Intel i9-10210H\",\"gpu\":\"NVIDIA GeForce RTX 4060 8GB GDDR6\",\"integratedGraphics\":\"Intel UHD Graphics 770\",\"ram\":\"8GB\",\"ramType\":\"DDR5 4800MHz\",\"ramSlots\":\"2 x 8GB (Supports up to 32GB)\",\"storage\":\"512GB\",\"screenSize\":\"15.6 inches\",\"battery\":\"4 cell 90 Wh , Non-removable\",\"operatingSystem\":\"Windows 11 Home\",\"Screen resolution\":\"1920 x 1080 pixels (FullHD)\",\"ports\":\"HDMI: 1, USB Type C \\/ DisplayPort \\/ Power Deliver: 1, USB 3.2: 2, Thunderbolt 4: 1, Audio Combo: 1, LAN: 1 Gb\\/s\"}'),(19,22,'https://hanoicomputercdn.com/media/product/76816_laptop_acer_aspire_7_a715_76_53pj__nh_qgesv_007___1_.jpg|https://hanoicomputercdn.com/media/product/76816_laptop_acer_aspire_7_a715_76_53pj__nh_qgesv_007___5_.jpg|https://hanoicomputercdn.com/media/product/76816_laptop_acer_aspire_7_a715_76_53pj__nh_qgesv_007___4_.jpg|https://hanoicomputercdn.com/media/product/76816_laptop_acer_aspire_7_a715_76_53pj__nh_qgesv_007___2_.jpg|https://hanoicomputercdn.com/media/product/76816_laptop_acer_aspire_7_a715_76_53pj__nh_qgesv_007___3_.jpg','Clone 5','Laptop ACER ASPIRE',700,1,'Laptop',5,'{\"cpuType\":\"Intel i7\",\"cpu\":\"Intel i7-10210H\",\"gpu\":\"NVIDIA GeForce RTX 4060 8GB GDDR6\",\"integratedGraphics\":\"Intel UHD Graphics 770\",\"ram\":\"16GB\",\"ramType\":\"DDR5 4800MHz\",\"ramSlots\":\"2 x 8GB (Supports up to 32GB)\",\"storage\":\"512GB\",\"screenSize\":\"15.6 inches\",\"battery\":\"4 cell 90 Wh , Non-removable\",\"operatingSystem\":\"Windows 11 Home\",\"Screen resolution\":\"1920 x 1080 pixels (FullHD)\",\"ports\":\"HDMI: 1, USB Type C \\/ DisplayPort \\/ Power Deliver: 1, USB 3.2: 2, Thunderbolt 4: 1, Audio Combo: 1, LAN: 1 Gb\\/s\"}'),(20,25,'https://hanoicomputercdn.com/media/product/76816_laptop_acer_aspire_7_a715_76_53pj__nh_qgesv_007___1_.jpg|https://hanoicomputercdn.com/media/product/76816_laptop_acer_aspire_7_a715_76_53pj__nh_qgesv_007___5_.jpg|https://hanoicomputercdn.com/media/product/76816_laptop_acer_aspire_7_a715_76_53pj__nh_qgesv_007___4_.jpg|https://hanoicomputercdn.com/media/product/76816_laptop_acer_aspire_7_a715_76_53pj__nh_qgesv_007___2_.jpg|https://hanoicomputercdn.com/media/product/76816_laptop_acer_aspire_7_a715_76_53pj__nh_qgesv_007___3_.jpg','Clone 6','Laptop ACER ASPIRE',800,1,'Laptop',5,'{\"cpuType\":\"Intel i9\",\"cpu\":\"Intel i9-10210H\",\"gpu\":\"NVIDIA GeForce RTX 4060 8GB GDDR6\",\"integratedGraphics\":\"Intel UHD Graphics 770\",\"ram\":\"16GB\",\"ramType\":\"DDR5 4800MHz\",\"ramSlots\":\"2 x 8GB (Supports up to 32GB)\",\"storage\":\"512GB\",\"screenSize\":\"15.6 inches\",\"battery\":\"4 cell 90 Wh , Non-removable\",\"operatingSystem\":\"Windows 11 Home\",\"Screen resolution\":\"1920 x 1080 pixels (FullHD)\",\"ports\":\"HDMI: 1, USB Type C \\/ DisplayPort \\/ Power Deliver: 1, USB 3.2: 2, Thunderbolt 4: 1, Audio Combo: 1, LAN: 1 Gb\\/s\"}'),(21,5,'https://hanoicomputercdn.com/media/product/67743_cpu_amd_ryzen_5_7600x_4_7_ghz_upto_5_3ghz_38mb_6_cores_12_threads_105w_socket_am5_fix.jpg','7600X','CPU AMD RYZEN 5',250,1,'CPU',2,'{\"Manufacturer\": \"AMD\", \"cpuType\": \"Desktop\", \"Generation\": \"Ryzen 5 7000 Series\", \"Name\": \"AMD Ryzen 5 7600X\", \"Details\": \"Socket: AM5 / Cores: 8 / Threads: 16 / Base_Speed: 4.7GHz / Max_Speed: Up to 5.3GHz / Cache: 384KB / 6MB / 32MB / Memory_Support: DDR5 5200 MHz / PCIe_Express_Version: PCIe 5.0 / TDP: 105W / Manufacturing_Process: TSMC 5nm\"}'),(22,20,'https://hanoicomputercdn.com/media/product/64597_tai_nghe_razer_blackshark_v2_x_wired_gaming_headset_trang_rz04_03240700_r3m1_0002_3.jpg|https://hanoicomputercdn.com/media/product/64597_tai_nghe_razer_blackshark_v2_x_wired_gaming_headset_trang_rz04_03240700_r3m1_0001_2.jpg|https://hanoicomputercdn.com/media/product/64597_tai_nghe_razer_blackshark_v2_x_wired_gaming_headset_trang_rz04_03240700_r3m1_0003_4.jpg','V2 X WIRED','RAZER BLACKSHARK',120,1,'Headphone',1,'{\"sensitivity\":\"93DB SPL/mW\",\"mic\":\"+6mm (fold to mute)\",\"speakerDriver\":\"Pro-G 50mm\",\"height\":\"7.40 in (188 mm)\",\"width\":\"7.67 in (195 mm)\",\"depth\":\"3.43 in (87 mm)\",\"weight\":\"344g\",\"cableLengthPC\":\"2.8m\",\"cableLengthMobile\":\"1.5m\",\"headphoneFrequencySensitivity\":\"20Hz-20KHz\",\"microphoneFrequencySensitivity\":\"100Hz-10KHz\",\"passiveImpedance\":\"39 Ohm\",\"activeImpedance\":\"5k Ohm\",\"microphoneType\":\"Cardioid (unidirectional)\",\"microphoneSize\":\"6mm\",\"platformCompatibility\":\"PC/Console/Mobile\"}'),(23,12,'https://hanoicomputercdn.com/media/product/60354_chuot_edra_em624_trang_usb_0001_2.jpg|https://hanoicomputercdn.com/media/product/60354_chuot_edra_em624_trang_usb_0002_3.jpg|https://hanoicomputercdn.com/media/product/60354_chuot_edra_em624_trang_usb_0000_1.jpg','EM624','EDRA',90,1,'Mouse',2,'{\"model\":\"TUF GAMING M4 Wireless 2.4 Gaming Mouse, super lightweight, 12,000 dpi sensor, PBT shell cover, 100% PTFE mouse feet, Armoury Crate\",\"color\":\"Black\",\"connection\":\"Wired\",\"batteryLife\":\"AA: RF 2.4 - 134 hours, BLE - 232 hours / AAA: RF 2.4 - 53 hours, BLE - 100 hours\",\"LED\":\"None\",\"designType\":\"Ergonomic\",\"sensor\":\"Optical\",\"sensitivity\":\"12,000 DPI\",\"buttonNumber\":\"6 buttons (exclusive Armory Crate software for easy and intuitive configuration)\",\"switchLifespan\":\"60 million clicks\",\"size\":\"126 x 63.5 x 39.6 mm\",\"weight\":\"77g with AAA battery & conversion accessories/86g with AA battery\",\"accessories\":\"1 x USB Wireless Dongle, 1 x AA Battery, 1 x AAA Battery, 1 x AAA to AA Battery Converter Holder, 1 x Quick Start Guide, 1 x Warranty Card\"}'),(24,30,'https://hanoicomputercdn.com/media/product/81526_ban_phim_co_co_day_machenike_k500_b61_white_gray_red_switch_led_rgb_1.jpg|https://hanoicomputercdn.com/media/product/81526_ban_phim_co_co_day_machenike_k500_b61_white_gray_red_switch_led_rgb_2.jpg|https://hanoicomputercdn.com/media/product/81526_ban_phim_co_co_day_machenike_k500_b61_white_gray_red_switch_led_rgb_3.jpg|https://hanoicomputercdn.com/media/product/81526_ban_phim_co_co_day_machenike_k500_b61_white_gray_red_switch_led_rgb_4.jpg','B61','MACHENIKE K500',95,1,'Keyboard',3,'{\"connection\":\"USB 2.0 (TypeC to TypeA)Bluetooth 5.1RF 2.4GHz\",\"RGB_LED\":\"Per-key RGB\",\"USB_REPORT_RATE\":\"1000 Hz\",\"weight\":\"1.17 KG\",\"size\":\"377 x 131 x 40mm\",\"cable\":\"2m Type A to Type C cable\",\"color\":\"Black\",\"compatibility\":\"Windows® 11\"}'),(25,10,'https://hanoicomputercdn.com/media/product/68628_ls720_black_sp__3_.jpg|https://hanoicomputercdn.com/media/product/68628_ls720_black_sp__1_.jpg|https://hanoicomputercdn.com/media/product/68628_ls720_black_sp__6_.jpg|https://hanoicomputercdn.com/media/product/68628_ls720_black_sp__5_.jpg','LS720','DEEPCOOL',55,1,'Cpu Cooler',1,'{\"Manufacturer\": \"AMD\", \"cpuType\": \"Desktop\", \"Generation\": \"Ryzen 5 7000 Series\", \"Name\": \"AMD Ryzen 5 7600X\", \"Details\": \"Socket: AM5 / Cores: 8 / Threads: 16 / Base_Speed: 4.7GHz / Max_Speed: Up to 5.3GHz / Cache: 384KB / 6MB / 32MB / Memory_Support: DDR5 5200 MHz / PCIe_Express_Version: PCIe 5.0 / TDP: 105W / Manufacturing_Process: TSMC 5nm\"}');
/*!40000 ALTER TABLE `product` ENABLE KEYS */;
UNLOCK TABLES;

--
-- Table structure for table `schedule_repair`
--

DROP TABLE IF EXISTS `schedule_repair`;
/*!40101 SET @saved_cs_client     = @@character_set_client */;
/*!50503 SET character_set_client = utf8mb4 */;
CREATE TABLE `schedule_repair` (
  `id` bigint NOT NULL,
  `customer_email` varchar(100) DEFAULT NULL,
  `customer_name` varchar(100) NOT NULL,
  `customer_phone` varchar(15) NOT NULL,
  `device_name` varchar(255) DEFAULT NULL,
  `shop_location` varchar(100) DEFAULT NULL,
  `schedule_time` varchar(50) DEFAULT NULL,
  `service_type` varchar(50) DEFAULT NULL,
  PRIMARY KEY (`id`)
) ENGINE=InnoDB DEFAULT CHARSET=utf8mb4 COLLATE=utf8mb4_0900_ai_ci;
/*!40101 SET character_set_client = @saved_cs_client */;

--
-- Dumping data for table `schedule_repair`
--

LOCK TABLES `schedule_repair` WRITE;
/*!40000 ALTER TABLE `schedule_repair` DISABLE KEYS */;
/*!40000 ALTER TABLE `schedule_repair` ENABLE KEYS */;
UNLOCK TABLES;

--
-- Table structure for table `sessions`
--

DROP TABLE IF EXISTS `sessions`;
/*!40101 SET @saved_cs_client     = @@character_set_client */;
/*!50503 SET character_set_client = utf8mb4 */;
CREATE TABLE `sessions` (
  `id` varchar(255) CHARACTER SET utf8mb4 COLLATE utf8mb4_unicode_ci NOT NULL,
  `user_id` bigint unsigned DEFAULT NULL,
  `ip_address` varchar(45) CHARACTER SET utf8mb4 COLLATE utf8mb4_unicode_ci DEFAULT NULL,
  `user_agent` text CHARACTER SET utf8mb4 COLLATE utf8mb4_unicode_ci,
  `payload` longtext CHARACTER SET utf8mb4 COLLATE utf8mb4_unicode_ci NOT NULL,
  `last_activity` int NOT NULL,
  PRIMARY KEY (`id`),
  KEY `sessions_user_id_index` (`user_id`),
  KEY `sessions_last_activity_index` (`last_activity`)
) ENGINE=InnoDB DEFAULT CHARSET=utf8mb4 COLLATE=utf8mb4_unicode_ci;
/*!40101 SET character_set_client = @saved_cs_client */;

--
-- Dumping data for table `sessions`
--

LOCK TABLES `sessions` WRITE;
/*!40000 ALTER TABLE `sessions` DISABLE KEYS */;
INSERT INTO `sessions` VALUES ('l0Tib8K8alEIfyaymnz8oSbTCdamp0tBP4zaEQjm',1,'127.0.0.1','Mozilla/5.0 (Windows NT 10.0; Win64; x64) AppleWebKit/537.36 (KHTML, like Gecko) Chrome/123.0.0.0 Safari/537.36','YTo1OntzOjY6Il90b2tlbiI7czo0MDoidWttUGU5Z2VXOW1KZmF5cXo0NnVTZ0xoQW1lU2prWW1wb0VIZHUzSCI7czo1MDoibG9naW5fd2ViXzU5YmEzNmFkZGMyYjJmOTQwMTU4MGYwMTRjN2Y1OGVhNGUzMDk4OWQiO2k6MTtzOjE4OiJmbGFzaGVyOjplbnZlbG9wZXMiO2E6MDp7fXM6OToiX3ByZXZpb3VzIjthOjE6e3M6MzoidXJsIjtzOjM4OiJodHRwOi8vMTI3LjAuMC4xOjgwMDAvZGFzaGJvYXJkL29yZGVycyI7fXM6NjoiX2ZsYXNoIjthOjI6e3M6Mzoib2xkIjthOjA6e31zOjM6Im5ldyI7YTowOnt9fX0=',1712664655),('P6FddQ6Znovj2sepHumUmENyiaPl6gfEnayaJjps',1,'127.0.0.1','Mozilla/5.0 (Windows NT 10.0; Win64; x64) AppleWebKit/537.36 (KHTML, like Gecko) Chrome/123.0.0.0 Safari/537.36','YTo1OntzOjY6Il90b2tlbiI7czo0MDoiMXI1ZEQ2NXBzVFpiTzBCTXI5T3h2R3lXNVIxOWFybm1sZFBJdjVnbiI7czo1MDoibG9naW5fd2ViXzU5YmEzNmFkZGMyYjJmOTQwMTU4MGYwMTRjN2Y1OGVhNGUzMDk4OWQiO2k6MTtzOjE4OiJmbGFzaGVyOjplbnZlbG9wZXMiO2E6MDp7fXM6OToiX3ByZXZpb3VzIjthOjE6e3M6MzoidXJsIjtzOjM4OiJodHRwOi8vbG9jYWxob3N0OjgwMDAvZGFzaGJvYXJkL29yZGVycyI7fXM6NjoiX2ZsYXNoIjthOjI6e3M6Mzoib2xkIjthOjA6e31zOjM6Im5ldyI7YTowOnt9fX0=',1712668066);
/*!40000 ALTER TABLE `sessions` ENABLE KEYS */;
UNLOCK TABLES;

--
-- Table structure for table `shipping_method`
--

DROP TABLE IF EXISTS `shipping_method`;
/*!40101 SET @saved_cs_client     = @@character_set_client */;
/*!50503 SET character_set_client = utf8mb4 */;
CREATE TABLE `shipping_method` (
  `id` bigint NOT NULL,
  `name` varchar(100) NOT NULL,
  `price` bigint NOT NULL,
  PRIMARY KEY (`id`)
) ENGINE=InnoDB DEFAULT CHARSET=utf8mb4 COLLATE=utf8mb4_0900_ai_ci;
/*!40101 SET character_set_client = @saved_cs_client */;

--
-- Dumping data for table `shipping_method`
--

LOCK TABLES `shipping_method` WRITE;
/*!40000 ALTER TABLE `shipping_method` DISABLE KEYS */;
/*!40000 ALTER TABLE `shipping_method` ENABLE KEYS */;
UNLOCK TABLES;

--
-- Table structure for table `stock`
--

DROP TABLE IF EXISTS `stock`;
/*!40101 SET @saved_cs_client     = @@character_set_client */;
/*!50503 SET character_set_client = utf8mb4 */;
CREATE TABLE `stock` (
  `id` bigint NOT NULL AUTO_INCREMENT,
  `inserted_time` datetime(6) DEFAULT NULL,
  `quantity` int NOT NULL,
  `sold` int NOT NULL,
  `updated_time` datetime(6) DEFAULT NULL,
  `product_id` bigint DEFAULT NULL,
  PRIMARY KEY (`id`),
  KEY `FKjghkvw2snnsr5gpct0of7xfcf` (`product_id`),
  CONSTRAINT `FKjghkvw2snnsr5gpct0of7xfcf` FOREIGN KEY (`product_id`) REFERENCES `product` (`id`)
) ENGINE=InnoDB AUTO_INCREMENT=31 DEFAULT CHARSET=utf8mb4 COLLATE=utf8mb4_0900_ai_ci;
/*!40101 SET character_set_client = @saved_cs_client */;

--
-- Dumping data for table `stock`
--

LOCK TABLES `stock` WRITE;
/*!40000 ALTER TABLE `stock` DISABLE KEYS */;
INSERT INTO `stock` VALUES (6,'2024-04-03 02:53:56.000000',23,146,'2024-04-03 02:53:11.000000',1),(7,'2024-04-08 02:53:40.000000',99,60,'2024-04-03 02:53:20.000000',2),(8,'2024-04-05 02:53:30.000000',67,112,'2024-04-03 02:53:56.000000',3),(9,'2024-04-06 02:53:11.000000',99,79,'2024-04-08 02:53:56.000000',4),(10,'2024-04-06 02:53:11.000000',99,100,'2024-04-08 02:53:56.000000',5),(11,'2024-04-06 02:53:11.000000',45,23,'2024-04-08 02:53:56.000000',6),(12,'2024-04-06 02:53:11.000000',32,32,'2024-04-08 02:53:56.000000',7),(13,'2024-04-06 02:53:11.000000',22,43,'2024-04-08 02:53:56.000000',8),(14,'2024-04-08 02:53:56.000000',66,32,'2024-04-08 02:53:56.000000',9),(15,'2024-04-08 02:53:56.000000',43,13,'2024-04-08 02:53:56.000000',10),(16,'2024-04-08 02:53:56.000000',22,33,'2024-04-08 02:53:56.000000',11),(17,'2024-04-08 02:53:56.000000',66,43,'2024-04-08 02:53:56.000000',12),(18,'2024-04-08 02:53:56.000000',222,111,'2024-04-08 02:53:56.000000',13),(19,'2024-04-08 02:53:56.000000',122,21,'2024-04-08 02:53:56.000000',14),(20,'2024-04-08 02:53:56.000000',76,44,'2024-04-08 02:53:56.000000',15),(21,'2024-04-08 02:53:56.000000',45,32,'2024-04-08 02:53:56.000000',16),(22,'2024-04-08 02:53:56.000000',33,76,'2024-04-08 02:53:56.000000',17),(23,'2024-04-08 02:53:56.000000',66,33,'2024-04-08 02:53:56.000000',18),(24,'2024-04-08 02:53:56.000000',22,111,'2024-04-08 02:53:56.000000',19),(25,'2024-04-08 02:53:56.000000',65,12,'2024-04-08 02:53:56.000000',20),(26,'2024-04-08 02:53:56.000000',22,33,'2024-04-08 02:53:56.000000',21),(27,'2024-04-08 02:53:56.000000',45,55,'2024-04-08 02:53:56.000000',22),(28,'2024-04-08 02:53:56.000000',66,43,'2024-04-08 02:53:56.000000',23),(29,'2024-04-08 02:53:56.000000',35,97,'2024-04-08 02:53:56.000000',24),(30,'2024-04-08 02:53:56.000000',33,22,'2024-04-08 02:53:56.000000',25);
/*!40000 ALTER TABLE `stock` ENABLE KEYS */;
UNLOCK TABLES;

--
-- Table structure for table `users`
--

DROP TABLE IF EXISTS `users`;
/*!40101 SET @saved_cs_client     = @@character_set_client */;
/*!50503 SET character_set_client = utf8mb4 */;
CREATE TABLE `users` (
  `id` bigint unsigned NOT NULL AUTO_INCREMENT,
  `name` varchar(255) CHARACTER SET utf8mb4 COLLATE utf8mb4_unicode_ci NOT NULL,
  `email` varchar(255) CHARACTER SET utf8mb4 COLLATE utf8mb4_unicode_ci NOT NULL,
  `email_verified_at` timestamp NULL DEFAULT NULL,
  `password` varchar(255) CHARACTER SET utf8mb4 COLLATE utf8mb4_unicode_ci NOT NULL,
  `remember_token` varchar(100) CHARACTER SET utf8mb4 COLLATE utf8mb4_unicode_ci DEFAULT NULL,
  `created_at` timestamp NULL DEFAULT NULL,
  `updated_at` timestamp NULL DEFAULT NULL,
  `role` varchar(100) CHARACTER SET utf8mb4 COLLATE utf8mb4_unicode_ci DEFAULT NULL,
  PRIMARY KEY (`id`),
  UNIQUE KEY `users_email_unique` (`email`)
) ENGINE=InnoDB AUTO_INCREMENT=2 DEFAULT CHARSET=utf8mb4 COLLATE=utf8mb4_unicode_ci;
/*!40101 SET character_set_client = @saved_cs_client */;

--
-- Dumping data for table `users`
--

LOCK TABLES `users` WRITE;
/*!40000 ALTER TABLE `users` DISABLE KEYS */;
INSERT INTO `users` VALUES (1,'Nghia','mos98er@gmail.com',NULL,'$2y$12$g3uG7RPCXn3EErI515yGMOM9aDsT2uFS6wccLwn5ptyAhkl9HysaG','tCOzlPPNuhzzThdB4QsPl6YvxxRoE7mMdZ07OSbm9oXVz7qKagrzxoXxrzvb','2024-04-07 13:01:04','2024-04-07 13:01:04','admin');
/*!40000 ALTER TABLE `users` ENABLE KEYS */;
UNLOCK TABLES;

--
-- Dumping events for database 'dak2'
--

--
-- Dumping routines for database 'dak2'
--
/*!40103 SET TIME_ZONE=@OLD_TIME_ZONE */;

/*!40101 SET SQL_MODE=@OLD_SQL_MODE */;
/*!40014 SET FOREIGN_KEY_CHECKS=@OLD_FOREIGN_KEY_CHECKS */;
/*!40014 SET UNIQUE_CHECKS=@OLD_UNIQUE_CHECKS */;
/*!40101 SET CHARACTER_SET_CLIENT=@OLD_CHARACTER_SET_CLIENT */;
/*!40101 SET CHARACTER_SET_RESULTS=@OLD_CHARACTER_SET_RESULTS */;
/*!40101 SET COLLATION_CONNECTION=@OLD_COLLATION_CONNECTION */;
/*!40111 SET SQL_NOTES=@OLD_SQL_NOTES */;

-- Dump completed on 2024-04-23 16:52:15
